Style,Weight_KG,Height_CM,Age,Body_Fat_Percent,Strength_Score,Medal_Winner
Greco-Roman,130,189,20,24.9,75.3,0
Greco-Roman,97,171,22,10.4,76.2,0
Freestyle,61,164,31,11.7,57.9,0
Greco-Roman,87,169,27,6.8,86.2,1
Freestyle,74,179,30,11.1,70.2,0
Freestyle,74,171,29,10.7,67.6,0
Freestyle,74,172,21,13.9,62.1,0
Greco-Roman,97,184,25,6.4,81.8,1
Freestyle,74,177,25,8.0,77.5,1
Greco-Roman,60,158,26,7.9,63.7,1
Freestyle,57,159,25,14.4,63.4,0
Greco-Roman,130,183,26,13.7,98.1,1
Freestyle,86,168,26,9.7,78.2,0
Greco-Roman,67,163,25,10.6,73.2,1
Greco-Roman,87,169,19,8.7,78.0,0
Freestyle,79,173,21,9.3,70.4,1
Greco-Roman,87,168,27,8.4,83.4,1
Freestyle,70,160,29,10.7,70.7,1
Freestyle,61,157,18,11.0,56.3,0
Greco-Roman,130,183,21,26.5,67.1,0
Freestyle,65,165,30,10.9,62.9,0
Greco-Roman,63,162,23,11.6,71.7,0
Greco-Roman,55,156,21,5.3,71.7,1
Freestyle,79,176,25,14.9,65.7,0
Greco-Roman,55,159,22,9.1,58.7,0
Freestyle,79,168,25,8.5,85.1,1
Freestyle,57,161,26,16.7,50.4,0
Greco-Roman,63,169,25,11.7,59.7,0
Freestyle,70,164,23,11.7,68.4,0
Freestyle,65,169,30,14.9,60.8,0
Greco-Roman,97,177,18,11.3,81.2,1
Freestyle,92,176,18,10.7,77.5,1
Freestyle,92,171,18,5.0,86.4,1
Freestyle,70,166,29,7.5,63.8,1
Greco-Roman,87,175,23,15.5,69.6,0
Greco-Roman,82,170,29,11.2,69.9,1
Freestyle,74,161,22,13.2,60.3,0
Freestyle,61,165,28,7.2,56.8,0
Greco-Roman,77,166,23,9.4,70.2,0
Freestyle,86,174,22,11.7,73.2,1
Greco-Roman,77,166,28,7.8,75.4,0
Freestyle,79,176,21,6.8,72.7,1
Freestyle,79,169,22,6.5,78.7,0
Freestyle,92,174,27,10.2,85.4,1
Greco-Roman,87,174,29,13.6,78.3,0
Freestyle,65,157,24,11.4,60.1,0
Freestyle,65,160,31,11.8,63.0,0
Greco-Roman,63,156,23,12.9,63.1,0
Greco-Roman,82,163,22,12.4,72.2,1
Greco-Roman,55,161,23,9.8,52.1,0
Freestyle,86,176,31,11.6,84.8,1
Greco-Roman,72,176,18,11.6,60.8,0
Greco-Roman,60,160,20,12.9,54.6,0
Greco-Roman,87,169,23,8.1,71.9,1
Greco-Roman,55,150,26,13.2,53.5,0
Greco-Roman,130,185,30,17.5,95.9,1
Greco-Roman,87,172,32,12.1,72.3,0
Greco-Roman,67,158,26,11.3,65.0,0
Freestyle,61,166,29,8.7,71.9,0
Greco-Roman,63,155,22,8.5,66.8,0
Greco-Roman,87,171,22,9.6,72.6,0
Greco-Roman,67,165,26,14.0,63.8,0
Greco-Roman,60,156,26,7.1,62.8,0
Greco-Roman,60,158,18,5.6,73.8,1
Freestyle,74,171,27,11.9,71.1,0
Greco-Roman,72,172,24,5.0,73.7,0
Greco-Roman,55,159,19,9.8,55.4,0
Freestyle,86,167,25,6.9,81.3,1
Freestyle,57,157,30,10.3,70.8,0
Greco-Roman,82,169,20,11.3,77.3,0
Greco-Roman,82,171,28,14.4,68.1,0
Freestyle,86,167,18,6.1,77.8,1
Freestyle,97,172,25,10.8,86.3,1
Greco-Roman,130,194,19,14.6,105.3,1
Freestyle,65,161,24,11.0,60.9,0
Greco-Roman,130,188,33,18.6,92.5,1
Greco-Roman,77,167,24,10.2,63.8,0
Greco-Roman,55,158,26,11.9,55.9,0
Greco-Roman,60,158,22,8.9,62.0,0
Greco-Roman,130,190,29,17.9,91.7,1
Freestyle,125,186,26,12.3,94.4,1
Freestyle,79,169,20,11.3,66.6,0
Greco-Roman,77,170,23,6.8,84.6,1
Freestyle,79,166,22,9.8,77.0,0
Greco-Roman,97,168,25,5.5,87.2,1
Greco-Roman,63,168,19,5.0,67.5,1
Greco-Roman,97,180,23,10.3,86.5,1
Greco-Roman,77,172,25,12.0,70.7,0
Greco-Roman,72,170,21,9.7,76.8,1
Greco-Roman,130,184,21,17.1,93.4,1
Greco-Roman,77,168,32,10.5,62.8,0
Freestyle,70,165,22,10.6,64.7,0
Greco-Roman,87,178,32,10.9,77.9,1
Freestyle,70,168,26,5.6,87.3,1
Freestyle,74,166,24,9.7,67.6,0
Greco-Roman,60,162,19,5.5,63.6,0
Freestyle,92,168,28,8.2,79.1,1
Greco-Roman,82,167,29,7.3,78.6,1
Greco-Roman,130,180,27,16.9,80.3,1
Greco-Roman,63,162,25,11.4,60.1,0
Freestyle,86,174,23,11.7,68.1,0
Freestyle,57,165,22,9.9,56.0,0
Freestyle,125,189,21,20.7,73.9,0
Freestyle,125,187,32,21.5,79.1,0
Freestyle,92,181,35,8.3,78.6,1
Greco-Roman,63,154,22,9.3,69.8,0
Freestyle,61,155,28,8.1,64.2,0
Freestyle,74,172,29,12.7,67.9,0
Freestyle,86,177,23,12.1,66.4,0
Greco-Roman,72,167,22,9.9,80.3,1
Freestyle,79,174,30,9.3,68.6,1
Freestyle,92,175,22,7.2,79.6,1
Greco-Roman,82,161,24,9.6,75.9,1
Greco-Roman,87,171,30,8.5,83.9,1
Greco-Roman,87,174,19,11.1,67.9,0
Freestyle,79,163,22,9.5,71.2,1
Greco-Roman,82,172,23,13.0,71.9,0
Freestyle,61,163,30,10.9,62.3,0
Greco-Roman,60,168,19,10.1,57.9,0
Freestyle,79,177,24,11.8,66.9,0
Freestyle,70,167,23,7.4,72.6,0
Greco-Roman,77,172,22,8.4,66.0,0
Greco-Roman,55,164,23,6.9,67.4,0
Freestyle,70,160,31,10.4,73.9,1
Freestyle,61,158,18,14.2,63.6,0
Freestyle,97,176,23,8.2,76.5,0
Freestyle,125,192,19,16.0,91.7,1
Greco-Roman,63,146,21,5.1,64.9,0
Greco-Roman,55,153,23,11.7,53.0,0
Greco-Roman,82,173,25,10.3,72.5,0
Greco-Roman,63,169,29,11.5,57.4,0
Freestyle,86,172,31,12.5,79.1,1
Greco-Roman,67,158,28,8.3,69.2,0
Freestyle,57,153,23,10.4,63.0,0
Freestyle,57,158,27,8.2,74.9,0
Greco-Roman,60,166,27,5.2,74.5,1
Greco-Roman,55,161,20,8.8,49.5,0
Greco-Roman,130,191,23,18.6,86.1,1
Freestyle,79,165,22,10.4,75.0,1
Freestyle,74,173,26,13.2,63.3,0
Freestyle,61,163,21,5.4,58.8,1
Greco-Roman,67,165,27,6.9,70.6,0
Greco-Roman,63,158,18,12.1,51.1,0
Greco-Roman,82,168,23,8.4,87.5,1
Freestyle,79,167,23,12.6,64.9,0
Greco-Roman,130,183,19,21.9,79.7,0
Greco-Roman,82,162,23,8.8,72.7,0
Greco-Roman,82,173,26,7.6,78.6,1
Greco-Roman,82,170,27,11.2,69.7,1
Greco-Roman,63,151,21,12.6,56.6,0
Freestyle,125,188,28,17.9,85.7,1
Greco-Roman,77,170,19,11.5,60.3,0
Freestyle,92,175,26,12.0,79.5,1
Freestyle,61,158,25,11.2,63.4,0
Freestyle,57,164,26,5.0,67.4,0
Freestyle,97,183,26,9.6,89.1,1
Greco-Roman,97,174,20,10.8,77.6,0
Freestyle,65,162,26,7.3,79.2,0
Greco-Roman,77,162,25,10.5,70.5,1
Freestyle,86,172,24,6.5,83.2,1
Freestyle,70,163,28,9.6,77.3,1
Greco-Roman,77,171,31,10.8,69.1,0
Freestyle,125,179,26,21.9,72.6,0
Freestyle,57,152,29,9.5,57.4,0
Freestyle,65,166,18,8.2,65.5,0
Greco-Roman,60,160,31,12.6,64.9,1
Freestyle,70,174,22,12.2,57.0,0
Greco-Roman,63,156,24,7.3,68.5,0
Freestyle,61,161,25,8.8,70.1,0
Freestyle,74,169,24,9.1,78.0,1
Freestyle,74,169,22,10.6,63.8,0
Greco-Roman,55,155,24,5.0,57.6,0
Greco-Roman,87,165,19,13.2,62.5,0
Greco-Roman,67,158,26,11.6,66.0,0
Greco-Roman,60,150,23,8.2,79.0,1
Freestyle,79,167,19,10.1,69.7,1
Freestyle,92,175,28,10.5,76.6,1
Greco-Roman,77,164,23,13.2,63.3,0
Freestyle,92,174,18,12.0,70.9,0
Greco-Roman,72,164,22,13.8,61.7,0
Greco-Roman,67,160,25,9.2,73.9,1
Greco-Roman,63,153,20,6.9,73.8,0
Greco-Roman,63,162,20,11.3,58.9,0
Freestyle,97,173,21,6.3,89.9,1
Freestyle,97,175,22,7.3,92.4,1
Freestyle,92,173,23,7.5,82.2,1
Freestyle,65,165,32,7.0,76.9,0
Greco-Roman,77,166,23,13.8,73.2,1
Greco-Roman,72,167,19,7.6,67.8,0
Freestyle,65,162,24,10.8,64.6,0
Greco-Roman,97,184,28,8.2,79.6,1
Freestyle,74,173,25,11.1,67.2,0
Freestyle,70,168,27,11.0,64.0,0
Freestyle,86,174,25,9.5,75.0,0
Greco-Roman,72,161,20,16.0,60.7,0
Greco-Roman,63,159,28,7.7,62.7,0
Freestyle,79,169,24,10.7,70.7,0
Greco-Roman,60,158,24,7.6,66.0,0
Freestyle,97,174,25,12.3,82.3,1
Greco-Roman,72,168,23,13.5,55.0,0
Greco-Roman,82,166,26,10.6,83.9,0
Greco-Roman,72,165,24,11.3,75.5,1
Freestyle,79,169,21,8.6,73.3,1
Freestyle,74,160,21,6.7,76.4,1
Greco-Roman,82,174,22,11.7,73.0,1
Freestyle,74,170,25,7.1,67.4,0
Freestyle,74,157,27,13.1,67.3,0
Freestyle,97,169,30,13.6,75.2,0
Greco-Roman,82,163,28,9.5,80.6,1
Greco-Roman,67,162,25,11.0,67.4,0
Greco-Roman,130,183,33,17.4,95.9,1
Greco-Roman,87,172,22,8.0,80.1,1
Freestyle,74,160,21,9.4,71.3,0
Greco-Roman,60,157,24,10.1,58.4,0
Freestyle,86,174,22,8.2,82.4,1
Freestyle,61,161,19,14.5,48.9,0
Freestyle,125,190,26,21.8,87.5,0
Freestyle,92,180,28,9.3,82.2,1
Freestyle,125,184,22,14.1,89.0,1
Greco-Roman,82,165,20,10.2,76.1,1
Greco-Roman,77,166,22,8.7,66.4,0
Freestyle,57,163,29,11.8,60.6,0
Greco-Roman,67,170,36,6.9,67.4,1
Greco-Roman,60,159,33,7.1,68.5,0
Greco-Roman,82,172,32,10.1,72.9,1
Freestyle,79,167,23,12.1,70.2,0
Freestyle,97,179,18,12.7,79.6,1
Greco-Roman,130,192,23,14.1,89.3,1
Greco-Roman,87,172,27,8.4,79.6,0
Greco-Roman,77,172,18,6.6,70.4,1
Freestyle,65,165,18,7.0,76.7,1
Greco-Roman,60,160,20,11.0,55.5,0
Freestyle,74,168,20,9.4,63.8,0
Freestyle,70,170,28,14.3,59.8,0
Greco-Roman,67,163,24,10.4,66.7,0
Freestyle,97,169,29,9.8,81.0,1
Greco-Roman,82,169,25,12.0,70.4,0
Freestyle,61,165,32,9.9,70.6,0
Greco-Roman,60,164,31,9.0,68.2,1
Greco-Roman,87,173,26,10.8,82.1,1
Greco-Roman,130,191,27,22.5,77.6,0
Freestyle,97,178,23,7.4,90.9,1
Greco-Roman,67,169,26,11.1,63.4,0
Greco-Roman,77,171,24,8.6,77.4,0
Greco-Roman,60,159,24,5.0,64.0,0
Freestyle,57,162,24,13.8,51.5,0
Greco-Roman,55,157,24,15.7,55.9,0
Greco-Roman,77,165,31,14.1,68.8,0
Freestyle,97,179,25,6.6,77.4,0
Freestyle,92,177,20,9.7,82.8,1
Greco-Roman,87,173,18,7.7,72.9,1
Greco-Roman,63,163,27,9.8,72.7,1
Freestyle,125,177,33,19.9,70.4,0
Greco-Roman,87,167,25,8.9,81.7,1
Greco-Roman,55,161,19,9.7,58.5,0
Greco-Roman,67,164,27,9.5,66.6,1
Freestyle,57,160,18,12.3,54.9,0
Greco-Roman,72,166,23,8.6,76.2,0
Greco-Roman,130,185,23,18.6,85.6,0
Freestyle,74,167,22,9.9,69.4,0
Freestyle,70,168,20,12.9,60.9,0
Freestyle,79,177,20,14.0,74.4,0
Freestyle,79,172,31,11.9,67.5,0
Freestyle,92,172,23,9.8,77.3,1
Freestyle,61,161,26,15.1,51.4,0
Greco-Roman,82,164,25,8.8,80.8,1
Greco-Roman,130,182,24,18.4,74.3,1
Greco-Roman,55,158,23,5.2,55.2,0
Freestyle,92,167,30,10.2,75.4,1
Greco-Roman,63,165,23,10.3,70.9,0
Freestyle,65,169,28,10.8,63.4,0
Greco-Roman,67,158,21,11.3,59.4,0
Freestyle,70,170,30,5.9,86.7,1
Freestyle,92,183,27,8.9,76.2,1
Freestyle,86,170,25,10.9,74.5,0
Greco-Roman,67,167,20,11.0,65.0,0
Freestyle,74,164,32,11.8,70.3,0
Greco-Roman,60,165,26,11.7,59.6,0
Freestyle,79,160,26,13.4,62.3,0
Greco-Roman,67,165,29,11.9,62.1,0
Freestyle,70,169,19,11.0,70.1,0
Freestyle,61,164,25,11.6,57.1,0
Greco-Roman,55,162,20,8.4,55.4,0
Freestyle,65,155,20,7.1,55.1,0
Greco-Roman,87,168,25,10.8,70.0,0
Greco-Roman,82,173,26,10.5,81.9,1
Freestyle,57,164,22,13.3,61.8,0
Greco-Roman,60,161,23,8.8,74.8,1
Greco-Roman,63,163,19,9.4,55.4,0
Greco-Roman,97,169,28,10.1,79.7,0
Freestyle,65,168,18,12.6,54.0,0
Freestyle,57,157,29,11.1,63.2,0
Greco-Roman,72,169,25,6.9,71.9,0
Greco-Roman,87,175,21,8.5,83.8,1
Greco-Roman,97,166,22,11.8,70.3,1
Freestyle,92,176,18,12.8,65.5,0
Greco-Roman,72,167,23,11.9,62.3,0
Freestyle,86,169,22,9.8,72.4,0
Freestyle,61,161,22,13.0,58.6,0
Freestyle,57,157,22,12.8,46.2,0
Freestyle,61,157,22,10.7,61.2,0
Freestyle,125,188,24,16.1,86.0,1
Greco-Roman,130,185,28,21.3,87.2,1
Freestyle,74,168,27,8.7,77.7,0
Greco-Roman,72,171,28,8.7,65.3,0
Greco-Roman,82,178,20,10.4,75.2,0
Greco-Roman,97,181,30,6.5,87.8,1
Freestyle,125,187,24,21.6,75.9,0
Greco-Roman,87,180,26,10.1,88.2,1
Greco-Roman,55,159,18,10.7,57.1,0
Greco-Roman,82,170,24,9.8,78.2,1
Greco-Roman,60,165,18,9.0,66.7,0
Greco-Roman,130,188,25,19.4,82.4,0
Greco-Roman,55,158,23,6.1,62.0,0
Freestyle,125,188,28,19.5,85.3,1
Freestyle,97,176,31,8.8,88.0,1
Greco-Roman,97,178,27,9.2,93.1,1
Freestyle,65,172,20,14.2,60.7,0
Greco-Roman,67,164,31,9.6,69.0,0
Greco-Roman,77,168,24,11.9,67.0,0
Freestyle,74,167,24,5.1,71.6,1
Greco-Roman,130,186,27,26.1,70.3,0
Greco-Roman,97,178,18,6.9,82.7,0
Freestyle,57,161,24,11.9,54.6,0
Freestyle,97,175,22,12.2,75.8,0
Greco-Roman,97,174,33,9.9,90.4,1
Greco-Roman,97,168,26,6.9,86.6,1
Greco-Roman,60,154,26,7.2,73.0,0
Greco-Roman,63,162,32,8.2,67.2,0
Greco-Roman,60,154,30,12.8,57.5,0
Freestyle,70,167,21,9.0,75.8,1
Freestyle,92,170,25,5.0,88.6,1
Freestyle,74,160,23,10.0,67.6,0
Greco-Roman,77,170,26,15.2,64.3,0
Freestyle,57,163,25,9.2,68.9,1
Greco-Roman,130,189,18,13.8,99.0,1
Freestyle,86,178,32,8.1,75.9,1
Freestyle,57,157,19,11.0,59.6,0
Greco-Roman,72,159,27,10.6,71.1,0
Freestyle,86,167,28,10.9,75.6,1
Greco-Roman,82,166,28,11.4,70.9,1
Freestyle,125,182,26,19.6,82.2,1
Freestyle,70,163,20,7.0,72.9,1
Freestyle,79,160,23,7.1,71.4,0
Greco-Roman,67,158,18,14.1,57.5,0
Freestyle,86,169,23,11.5,70.8,0
Freestyle,79,163,20,7.8,76.1,0
Freestyle,65,165,23,11.2,67.2,1
Freestyle,70,163,24,11.8,60.2,0
Greco-Roman,60,153,27,10.3,72.0,1
Greco-Roman,130,177,26,10.7,94.0,1
Freestyle,57,164,29,13.2,62.0,0
Freestyle,70,162,27,11.2,73.8,0
Greco-Roman,72,164,20,6.8,87.5,1
Freestyle,125,189,29,17.0,86.5,1
Greco-Roman,82,169,31,10.2,77.6,1
Greco-Roman,87,170,22,8.0,80.9,1
Freestyle,79,172,29,7.7,77.7,1
Freestyle,61,164,26,15.0,53.1,0
Freestyle,70,162,25,6.9,75.7,1
Greco-Roman,67,164,30,9.6,71.0,0
Freestyle,74,167,28,12.8,74.0,0
Freestyle,125,187,27,28.2,75.4,0
Greco-Roman,72,165,23,12.3,55.1,0
Greco-Roman,63,163,23,6.7,68.9,1
Freestyle,79,176,28,8.9,81.4,1
Freestyle,125,190,31,18.0,88.0,1
Greco-Roman,60,168,26,8.5,59.5,0
Greco-Roman,60,149,28,11.1,62.8,1
Greco-Roman,63,165,19,13.2,53.2,0
Freestyle,61,153,30,11.8,54.2,0
Freestyle,92,167,27,12.4,78.9,1
Freestyle,79,172,28,11.2,64.0,0
Greco-Roman,72,169,21,11.2,66.2,0
Freestyle,125,184,26,13.8,99.8,1
Greco-Roman,67,159,22,10.0,66.6,0
Freestyle,97,177,24,6.7,90.1,1
Greco-Roman,77,173,31,9.9,64.5,0
Freestyle,74,173,18,7.9,76.1,1
Freestyle,97,182,23,7.6,95.0,1
Freestyle,97,171,25,6.0,91.7,1
Greco-Roman,63,158,26,8.7,67.3,0
Greco-Roman,97,177,23,8.3,80.0,1
Freestyle,79,167,21,6.4,74.3,0
Greco-Roman,55,161,22,8.3,63.8,0
Freestyle,125,190,30,14.9,89.3,1
Freestyle,79,165,23,11.8,70.4,1
Greco-Roman,55,160,27,14.1,49.7,0
Freestyle,92,177,21,9.5,81.8,1
Freestyle,74,164,32,7.2,73.8,1
Greco-Roman,130,176,22,13.7,83.6,1
Freestyle,74,165,26,5.0,86.6,1
Freestyle,79,162,19,8.5,62.8,0
Greco-Roman,55,162,20,10.0,60.2,0
Freestyle,61,168,28,12.6,59.0,0
Freestyle,57,164,27,8.7,58.9,0
Greco-Roman,97,182,26,9.4,96.6,1
Greco-Roman,60,156,21,6.1,69.1,1
Freestyle,125,181,24,15.0,89.1,1
Greco-Roman,55,162,27,11.1,59.6,0
Freestyle,79,167,20,7.7,74.3,1
Freestyle,92,172,23,14.2,68.5,0
Freestyle,74,161,22,10.1,72.2,0
Greco-Roman,130,191,27,18.4,77.2,0
Greco-Roman,67,161,22,10.7,63.3,1
Greco-Roman,63,163,18,6.6,65.0,0
Greco-Roman,55,158,18,8.0,61.0,0
Freestyle,97,179,32,9.6,82.6,1
Freestyle,74,173,29,11.3,74.4,1
Freestyle,65,164,21,8.4,67.9,0
Greco-Roman,55,153,25,12.7,54.6,0
Freestyle,74,166,21,10.7,76.6,1
Freestyle,70,166,21,10.6,60.4,0
Greco-Roman,97,176,23,13.7,75.3,0
Freestyle,125,188,30,25.3,65.3,0
Freestyle,65,166,23,11.9,70.0,0
Greco-Roman,97,176,24,10.2,82.8,1
Freestyle,125,183,33,25.1,62.1,0
Greco-Roman,55,161,18,7.9,63.7,0
Greco-Roman,72,164,21,14.9,53.6,0
Freestyle,65,169,27,8.0,66.2,0
Freestyle,61,163,27,9.2,63.7,1
Freestyle,70,165,26,7.5,72.1,0
Freestyle,70,153,28,9.8,60.7,0
Freestyle,65,157,21,11.6,62.1,0
Greco-Roman,77,168,25,5.2,80.0,1
Greco-Roman,87,171,22,14.0,58.2,0
Greco-Roman,60,159,27,9.5,63.4,0
Greco-Roman,60,156,24,12.4,60.6,0
Greco-Roman,130,191,30,20.4,89.1,1
Freestyle,65,163,18,9.3,65.5,0
Greco-Roman,82,167,22,10.3,74.8,0
Greco-Roman,63,162,26,12.1,68.7,0
Greco-Roman,77,173,28,9.5,80.6,1
Freestyle,61,170,21,7.2,69.0,1
Greco-Roman,87,166,20,12.1,71.5,0
Greco-Roman,63,166,32,10.4,60.7,1
Greco-Roman,130,180,21,19.9,81.0,0
Greco-Roman,87,175,23,5.0,81.7,1
Greco-Roman,82,172,18,6.9,79.7,1
Freestyle,57,155,20,11.2,55.6,0
Freestyle,97,179,20,8.6,77.7,1
Greco-Roman,67,159,26,9.8,66.2,0
Freestyle,57,162,24,9.8,62.5,0
Freestyle,79,169,26,7.5,83.1,1
Freestyle,79,170,26,11.5,71.7,0
Freestyle,70,161,23,8.7,75.9,0
Freestyle,79,162,22,9.4,74.7,0
Freestyle,61,157,26,12.5,58.8,0
Greco-Roman,67,159,24,7.8,74.0,0
Greco-Roman,67,171,22,7.4,64.7,0
Freestyle,86,173,32,11.0,79.4,1
Freestyle,97,176,26,9.2,85.8,0
Greco-Roman,67,168,28,14.6,68.9,0
Freestyle,125,183,26,25.7,72.4,0
Greco-Roman,67,173,26,10.3,61.5,0
Freestyle,65,171,32,12.6,59.9,0
Greco-Roman,130,189,23,13.6,92.1,1
Greco-Roman,72,171,18,14.0,61.4,0
Greco-Roman,63,160,29,11.8,67.5,0
Greco-Roman,97,180,25,9.5,80.4,0
Freestyle,125,184,25,21.0,84.3,0
Greco-Roman,60,158,28,8.1,70.1,1
Freestyle,74,164,31,14.0,70.4,0
Greco-Roman,72,163,30,9.2,63.6,0
Greco-Roman,67,160,26,9.8,63.4,0
Greco-Roman,55,151,27,8.3,60.0,0
Greco-Roman,130,188,31,22.0,71.3,0
Greco-Roman,130,186,23,21.5,83.1,1
Freestyle,65,162,29,11.0,58.6,0
Freestyle,57,163,21,9.5,59.2,0
Freestyle,57,163,21,10.2,56.2,0
Greco-Roman,72,163,26,10.3,60.1,0
Freestyle,57,158,19,5.0,71.7,1
Greco-Roman,130,187,27,21.5,75.7,1
Greco-Roman,130,193,25,25.1,77.7,0
Greco-Roman,55,156,25,10.6,60.8,0
Greco-Roman,77,167,28,5.6,88.1,1
Freestyle,92,174,26,12.8,72.9,0
Greco-Roman,77,172,31,13.9,73.3,0
Greco-Roman,72,173,18,14.5,59.8,0
Greco-Roman,55,162,28,7.4,64.4,0
Greco-Roman,87,172,28,11.2,80.4,0
Greco-Roman,67,177,18,11.9,57.0,0
Freestyle,79,168,25,9.4,70.1,0
Freestyle,61,161,18,13.1,54.6,0
Greco-Roman,63,160,25,8.5,63.0,0
Freestyle,74,170,27,9.7,67.8,1
Greco-Roman,130,185,18,18.1,86.0,0
Freestyle,97,175,23,8.1,89.1,1
Greco-Roman,60,158,24,13.6,55.1,0
Freestyle,57,163,27,8.7,70.3,0
Greco-Roman,67,174,27,7.0,70.6,0
Greco-Roman,87,166,20,13.3,72.4,1
Freestyle,79,173,21,6.6,74.7,1
Freestyle,125,193,28,20.3,86.3,1
Greco-Roman,63,171,26,8.4,65.9,0
Freestyle,125,185,24,12.5,97.5,1
Greco-Roman,82,160,24,11.0,77.4,1
Greco-Roman,82,171,22,10.0,77.6,0
Greco-Roman,77,166,25,7.6,77.9,0
Freestyle,57,161,28,7.7,74.5,1
Greco-Roman,130,185,24,22.2,81.9,0
Freestyle,57,164,24,12.2,63.8,0
Greco-Roman,55,164,18,8.8,55.8,0
Freestyle,70,164,19,9.2,54.0,0
Freestyle,61,164,27,9.0,64.0,0
Freestyle,125,185,32,17.2,81.8,1
Freestyle,97,165,18,10.4,81.1,1
Greco-Roman,77,178,25,8.1,70.0,0
Greco-Roman,87,171,25,13.5,85.9,1
Greco-Roman,63,172,22,8.4,67.4,0
Greco-Roman,82,174,27,7.1,76.8,0
Freestyle,92,169,25,12.1,73.2,0
Greco-Roman,82,171,26,8.6,75.2,0
Freestyle,61,161,29,7.2,63.4,0
Freestyle,86,172,25,7.6,85.1,1
Freestyle,74,171,25,5.8,77.4,1
Greco-Roman,63,161,18,10.7,52.3,0
Greco-Roman,63,175,19,11.9,65.3,0
Greco-Roman,82,166,28,10.4,78.3,1
Freestyle,57,164,24,9.3,53.6,0
Freestyle,97,178,26,8.4,79.1,0
Freestyle,74,160,25,9.9,74.3,0
Greco-Roman,97,172,27,5.0,88.2,1
Freestyle,86,173,34,9.8,68.2,0
Freestyle,57,162,28,10.7,52.6,0
Greco-Roman,130,185,22,12.6,105.0,1
Greco-Roman,97,182,29,10.4,93.9,1
Freestyle,86,164,21,12.4,72.2,0
Freestyle,61,164,24,7.3,63.6,0
Freestyle,125,189,27,20.6,79.2,0
Greco-Roman,77,166,23,8.1,72.8,1
Greco-Roman,72,161,32,9.9,68.0,1
Freestyle,92,168,22,7.8,90.2,1
Greco-Roman,77,165,25,8.0,76.9,1
Greco-Roman,82,165,27,8.8,84.4,1
Greco-Roman,82,173,26,9.0,77.1,1
Greco-Roman,60,165,23,8.6,65.8,0
Freestyle,65,164,27,12.6,70.0,0
Greco-Roman,77,163,27,10.7,71.3,0
Greco-Roman,63,157,24,11.1,63.8,0
Freestyle,79,176,19,5.2,79.5,1
Freestyle,61,159,29,9.2,69.4,0
Greco-Roman,82,172,21,12.4,61.1,0
Greco-Roman,60,169,29,11.8,63.9,0
Freestyle,125,186,29,13.3,86.9,1
Greco-Roman,87,170,29,13.6,69.4,0
Greco-Roman,55,167,20,14.2,53.3,0
Greco-Roman,97,175,19,7.7,79.3,0
Greco-Roman,55,165,27,9.8,54.5,0
Freestyle,92,173,23,7.8,84.1,1
Greco-Roman,63,170,26,5.0,73.6,1
Freestyle,86,178,29,10.4,77.9,1
Greco-Roman,97,174,26,7.8,85.1,1
Greco-Roman,72,164,18,8.9,69.1,1
Greco-Roman,97,174,26,11.9,74.6,0
Greco-Roman,82,164,28,10.7,85.6,1
Greco-Roman,63,153,24,10.6,68.8,0
Greco-Roman,97,177,28,14.5,72.4,0
Greco-Roman,97,170,28,12.5,84.1,1
Greco-Roman,82,174,27,7.5,74.0,0
Freestyle,74,162,25,10.4,64.1,0
Greco-Roman,63,166,28,12.8,64.8,0
Freestyle,92,168,26,9.5,73.5,0
Greco-Roman,60,165,29,5.6,69.7,0
Greco-Roman,97,173,18,13.9,76.3,0
Greco-Roman,72,168,29,11.5,67.9,0
Greco-Roman,67,163,21,6.7,66.9,0
Freestyle,79,172,30,9.6,69.4,1
Freestyle,70,162,20,11.2,65.6,0
Greco-Roman,87,169,24,6.6,76.0,1
Freestyle,86,164,26,11.8,71.9,0
Greco-Roman,77,170,18,10.2,64.3,0
Freestyle,125,184,25,16.0,94.0,1
Greco-Roman,82,175,24,10.9,70.7,0
Greco-Roman,72,162,22,13.8,60.1,0
Greco-Roman,82,160,28,9.1,84.4,1
Greco-Roman,130,186,21,9.2,94.7,1
Freestyle,125,183,22,22.5,73.5,0
Greco-Roman,63,160,30,8.7,75.2,0
Greco-Roman,77,168,23,11.0,66.7,0
Freestyle,61,161,22,11.5,58.4,1
Freestyle,70,169,34,13.4,64.9,0
Freestyle,92,169,26,11.9,77.9,1
Freestyle,70,163,26,8.7,65.9,0
Freestyle,97,170,22,9.2,83.5,1
Greco-Roman,72,165,24,7.1,70.0,1
Greco-Roman,130,195,23,18.9,84.0,0
Greco-Roman,130,190,22,20.9,83.0,1
Greco-Roman,130,187,18,20.4,80.8,0
Greco-Roman,72,159,23,11.4,76.0,0
Greco-Roman,67,160,28,8.6,74.8,1
Freestyle,70,163,27,11.4,78.0,0
Freestyle,92,168,24,7.8,77.5,0
Greco-Roman,55,160,22,13.1,49.6,0
Greco-Roman,60,149,18,9.8,56.8,0
Greco-Roman,130,185,22,17.2,85.7,1
Greco-Roman,72,175,25,10.3,64.2,0
Freestyle,97,183,22,12.5,85.5,1
Freestyle,92,173,23,13.1,78.5,1
Freestyle,65,162,27,10.4,65.7,0
Greco-Roman,97,172,20,12.2,78.5,1
Freestyle,61,163,19,9.4,61.0,0
Freestyle,65,165,22,9.7,65.9,0
Greco-Roman,72,170,19,9.3,69.9,1
Freestyle,57,160,25,13.1,62.1,0
Freestyle,57,159,22,5.2,66.3,0
Freestyle,97,173,34,6.4,78.1,1
Freestyle,92,170,21,6.4,76.1,1
Freestyle,65,168,25,8.8,67.0,1
Greco-Roman,87,170,20,11.0,74.6,0
Freestyle,86,175,25,7.2,83.7,1
Greco-Roman,77,171,26,10.5,71.1,0
Freestyle,86,174,26,12.9,66.9,0
Freestyle,79,175,19,15.8,59.1,0
Freestyle,79,166,27,10.8,67.3,0
Freestyle,70,160,25,7.6,74.7,0
Freestyle,92,176,25,9.1,86.7,1
Freestyle,92,176,28,10.8,79.7,0
Greco-Roman,77,169,21,7.9,77.3,0
Greco-Roman,63,161,18,13.2,64.4,0
Greco-Roman,87,163,23,9.5,81.1,1
Greco-Roman,63,159,23,7.2,68.8,1
Greco-Roman,87,160,26,9.6,80.2,0
Freestyle,125,193,22,22.5,66.3,0
Greco-Roman,87,168,32,11.7,71.5,0
Freestyle,74,168,22,9.3,70.4,0
Greco-Roman,77,165,24,6.6,85.7,1
Freestyle,70,162,20,12.4,55.0,1
Greco-Roman,63,167,19,7.6,75.9,0
Freestyle,57,171,28,12.6,63.6,0
Freestyle,74,163,19,9.6,74.8,1
Freestyle,74,164,27,14.3,70.4,1
Greco-Roman,77,161,22,10.4,70.6,1
Greco-Roman,77,159,18,8.1,71.3,1
Greco-Roman,77,174,26,12.4,68.4,0
Greco-Roman,82,168,31,12.2,61.8,0
Greco-Roman,82,171,28,11.0,73.1,0
Freestyle,86,172,26,7.9,89.8,1
Greco-Roman,130,188,28,16.6,92.5,1
Freestyle,92,174,27,6.8,84.1,1
Greco-Roman,130,188,25,22.3,77.5,0
Greco-Roman,87,165,28,11.6,79.2,1
Greco-Roman,82,169,29,7.5,78.5,1
Freestyle,65,161,24,12.8,60.6,0
Freestyle,79,162,25,8.9,77.1,1
Greco-Roman,60,162,28,11.3,62.4,0
Greco-Roman,63,175,26,8.0,70.6,1
Freestyle,92,175,29,11.7,82.9,1
Greco-Roman,97,176,31,9.0,86.8,1
Freestyle,86,159,22,11.1,69.0,1
Freestyle,125,191,27,16.8,83.8,0
Greco-Roman,82,173,24,9.6,80.5,1
Freestyle,79,160,34,8.3,70.8,0
Greco-Roman,87,161,24,10.3,72.0,1
Greco-Roman,77,169,25,9.5,76.7,1
Freestyle,97,170,23,9.9,76.6,0
Greco-Roman,63,165,28,11.6,61.7,0
Freestyle,97,182,26,7.2,85.3,1
Greco-Roman,72,167,26,12.5,67.4,0
Greco-Roman,63,154,21,8.7,68.6,1
Freestyle,74,166,25,13.3,70.0,0
Freestyle,125,186,25,26.1,67.6,0
Freestyle,125,173,24,20.1,82.1,0
Greco-Roman,63,154,24,7.3,64.9,0
Greco-Roman,60,165,29,8.0,66.6,1
Greco-Roman,82,173,18,10.9,71.1,0
Greco-Roman,130,192,32,11.7,90.5,1
Greco-Roman,97,180,25,8.2,91.0,1
Greco-Roman,60,168,26,9.6,70.9,0
Greco-Roman,87,176,24,13.1,77.7,1
Freestyle,57,166,20,11.1,61.3,0
Freestyle,86,173,26,10.5,74.2,1
Greco-Roman,55,160,25,10.9,56.8,0
Freestyle,79,175,29,6.0,82.3,1
Freestyle,65,161,21,13.4,69.0,1
Greco-Roman,72,164,19,9.8,68.6,0
Greco-Roman,77,164,23,10.0,75.6,1
Greco-Roman,130,186,34,18.3,89.2,0
Greco-Roman,77,169,27,10.6,84.2,1
Greco-Roman,77,163,23,9.7,67.7,0
Freestyle,61,168,25,11.3,71.7,0
Greco-Roman,63,172,19,7.1,59.3,0
Greco-Roman,55,160,27,12.7,52.2,0
Freestyle,125,188,31,14.9,85.0,1
Freestyle,97,173,20,9.0,82.4,1
Freestyle,97,169,23,9.8,80.1,1
Greco-Roman,130,181,26,22.6,84.2,0
Freestyle,86,166,21,10.8,69.9,0
Greco-Roman,63,159,28,11.5,59.5,0
Greco-Roman,55,164,24,10.0,67.3,0
Freestyle,61,163,23,13.7,53.1,0
Greco-Roman,72,171,26,7.6,72.8,1
Freestyle,79,159,25,8.2,79.2,1
Freestyle,79,163,25,10.0,75.4,0
Greco-Roman,97,176,20,8.1,84.0,0
Greco-Roman,87,173,31,8.8,73.5,0
Freestyle,70,165,24,8.6,66.8,1
Greco-Roman,87,178,26,11.3,73.3,0
Greco-Roman,82,167,21,6.9,75.4,1
Freestyle,92,166,27,12.6,72.9,0
Freestyle,86,167,18,5.8,72.6,1
Freestyle,92,182,27,8.2,84.3,1
Greco-Roman,63,162,18,8.9,73.9,1
Freestyle,61,166,24,7.6,62.7,1
Freestyle,57,154,23,8.5,57.1,0
Greco-Roman,97,173,18,7.7,87.4,1
Freestyle,57,163,26,8.6,66.1,0
Greco-Roman,63,161,25,10.4,63.9,0
Freestyle,61,166,24,13.2,62.2,0
Greco-Roman,63,151,25,8.2,63.3,0
Freestyle,79,165,22,12.8,67.5,0
Freestyle,65,165,21,12.6,67.9,0
Freestyle,125,186,29,19.2,80.9,1
Freestyle,61,168,26,11.8,64.0,0
Freestyle,97,176,32,11.1,75.5,1
Greco-Roman,87,174,20,13.9,72.3,0
Greco-Roman,77,172,27,12.1,79.1,1
Freestyle,92,170,24,14.3,80.0,0
Freestyle,57,161,21,9.2,62.4,0
Greco-Roman,55,171,23,9.2,68.2,0
Freestyle,65,158,24,10.5,67.0,0
Greco-Roman,72,171,28,10.7,66.4,0
Greco-Roman,97,171,30,7.8,89.5,1
Greco-Roman,55,155,25,11.8,66.4,0
Greco-Roman,63,167,28,8.0,64.3,0
Freestyle,61,163,27,5.0,71.6,0
Freestyle,57,153,26,9.7,61.8,0
Greco-Roman,60,159,18,12.8,55.7,0
Freestyle,61,165,29,5.0,69.6,1
Greco-Roman,87,169,29,5.7,92.3,1
Greco-Roman,130,185,18,16.9,80.2,0
Freestyle,74,170,22,12.1,65.4,0
Greco-Roman,77,168,25,10.2,66.8,0
Freestyle,86,170,24,9.8,78.7,1
Greco-Roman,63,161,25,12.0,64.0,0
Greco-Roman,97,170,24,8.7,84.1,1
Greco-Roman,63,157,24,13.6,53.3,0
Greco-Roman,55,165,21,9.6,53.9,0
Greco-Roman,60,158,25,9.5,74.5,1
Freestyle,65,162,25,12.0,63.1,0
Freestyle,65,155,29,5.3,72.2,1
Freestyle,70,160,29,9.5,68.5,0
Freestyle,79,163,25,8.1,78.4,1
Freestyle,65,168,20,9.3,74.5,1
Greco-Roman,60,159,21,12.4,59.7,0
Greco-Roman,82,171,26,8.9,83.9,1
Greco-Roman,97,174,30,7.5,80.2,1
Greco-Roman,97,172,26,10.7,82.9,1
Freestyle,125,181,24,19.7,77.3,1
Greco-Roman,130,187,18,22.6,78.3,0
Greco-Roman,67,170,20,6.9,79.5,1
Freestyle,97,180,25,8.8,78.7,0
Freestyle,65,160,24,13.0,68.0,0
Greco-Roman,77,167,24,6.9,82.5,1
Freestyle,57,158,25,9.7,58.2,0
Freestyle,97,176,19,7.4,68.0,1
Freestyle,70,167,25,5.9,80.4,1
Greco-Roman,130,188,30,13.1,92.7,1
Greco-Roman,87,161,20,7.4,79.2,1
Greco-Roman,60,161,28,12.4,72.5,0
Freestyle,92,171,22,9.3,80.2,1
Greco-Roman,67,159,19,9.5,68.2,1
Freestyle,79,161,28,9.5,79.8,1
Freestyle,74,166,27,14.0,83.5,1
Greco-Roman,97,179,21,8.9,78.9,1
Greco-Roman,72,158,26,13.4,69.1,0
Freestyle,61,168,27,7.5,69.7,0
Freestyle,125,185,22,23.7,70.7,0
Greco-Roman,63,155,25,10.5,64.2,0
Freestyle,57,156,28,9.9,67.8,0
Greco-Roman,130,193,25,18.4,87.0,1
Greco-Roman,63,169,22,13.4,63.5,0
Greco-Roman,82,173,32,8.5,67.0,0
Freestyle,97,176,33,9.5,77.1,1
Freestyle,125,184,21,18.6,79.9,0
Freestyle,125,181,29,21.8,80.8,0
Greco-Roman,130,191,24,13.4,93.6,1
Greco-Roman,60,148,28,9.7,65.6,0
Greco-Roman,77,164,29,8.0,72.4,1
Greco-Roman,72,172,18,8.2,69.4,1
Greco-Roman,87,162,21,5.0,81.0,1
Freestyle,125,185,23,14.5,86.3,1
Freestyle,70,164,28,11.2,75.1,1
Greco-Roman,67,165,23,5.0,67.0,1
Greco-Roman,97,172,26,13.8,70.9,0
Greco-Roman,87,171,21,11.9,77.3,0
Greco-Roman,72,163,28,12.9,57.4,0
Freestyle,65,163,19,10.8,62.1,0
Greco-Roman,72,163,27,10.8,72.9,0
Freestyle,74,177,28,10.7,72.3,0
Greco-Roman,82,170,26,8.0,74.7,1
Freestyle,86,177,26,12.3,75.6,1
Greco-Roman,77,166,26,8.9,69.7,0
Freestyle,65,167,26,15.2,72.6,0
Greco-Roman,87,169,28,9.5,70.0,0
Freestyle,86,176,25,10.4,76.5,0
Freestyle,125,192,25,18.0,85.6,1
Freestyle,74,174,20,8.6,68.3,0
Freestyle,86,175,18,10.4,69.4,0
Greco-Roman,72,163,24,8.8,71.1,0
Greco-Roman,55,160,25,6.3,62.2,0
Greco-Roman,130,184,27,14.8,103.1,1
Greco-Roman,97,161,21,10.2,83.1,0
Greco-Roman,87,164,30,13.2,76.0,0
Greco-Roman,55,158,29,6.8,66.6,0
Greco-Roman,60,155,30,11.7,63.7,1
Freestyle,57,160,21,10.6,58.9,0
Greco-Roman,60,156,24,8.1,61.5,0
Freestyle,61,159,18,9.6,63.8,0
Greco-Roman,60,159,25,9.4,67.1,0
Greco-Roman,55,157,26,8.2,63.7,0
Freestyle,79,169,25,13.4,72.0,0
Greco-Roman,60,160,27,7.2,67.8,0
Freestyle,97,174,26,11.6,86.5,0
Greco-Roman,82,178,26,7.8,73.6,1
Greco-Roman,77,166,24,8.2,67.3,0
Freestyle,79,169,19,6.4,77.8,1
Freestyle,61,166,23,9.6,76.6,1
Freestyle,125,188,24,16.3,91.4,1
Freestyle,92,169,24,10.0,82.6,1
Freestyle,125,188,27,21.5,86.4,0
Greco-Roman,55,157,30,9.1,68.3,0
Greco-Roman,60,159,25,10.5,63.0,0
Greco-Roman,60,163,29,11.3,67.4,0
Freestyle,57,169,31,6.0,72.3,0
Freestyle,61,167,29,5.0,73.9,1
Freestyle,86,170,37,10.8,75.8,1
Freestyle,86,178,31,7.2,78.1,1
Freestyle,125,191,18,19.9,87.3,0
Greco-Roman,72,163,28,12.4,73.4,0
Freestyle,97,187,18,12.6,74.2,0
Freestyle,92,167,22,11.6,75.8,0
Greco-Roman,60,168,22,12.2,64.4,0
Freestyle,125,186,25,21.3,75.1,0
Greco-Roman,67,165,20,12.7,57.9,0
Greco-Roman,60,157,19,8.4,71.2,1
Freestyle,97,184,27,10.8,74.4,1
Greco-Roman,97,177,21,11.9,75.0,0
Freestyle,65,174,21,6.4,70.4,0
Greco-Roman,63,167,33,7.0,67.5,1
Freestyle,65,167,23,10.4,72.9,0
Freestyle,92,175,26,10.1,78.5,1
Freestyle,61,167,23,9.7,67.3,0
Greco-Roman,77,172,27,8.7,77.0,1
Greco-Roman,82,169,21,11.8,65.2,0
Greco-Roman,67,163,18,13.0,63.1,0
Greco-Roman,63,155,25,9.9,71.9,0
Greco-Roman,97,175,22,12.0,90.2,1
Freestyle,86,172,22,8.5,87.5,1
Greco-Roman,55,168,24,8.7,64.9,0
Freestyle,92,175,24,7.7,84.7,1
Greco-Roman,130,184,28,20.0,79.7,0
Freestyle,86,168,21,9.3,77.0,0
Freestyle,125,186,28,19.7,76.4,0
Freestyle,65,164,18,7.5,67.6,0
Freestyle,125,191,29,17.1,91.8,0
Greco-Roman,55,158,26,8.0,60.4,0
Greco-Roman,130,191,27,17.0,87.3,0
Freestyle,86,173,21,14.6,69.2,0
Greco-Roman,77,169,25,8.4,80.9,1
Greco-Roman,72,167,30,10.3,68.7,0
Freestyle,125,187,20,18.3,85.8,0
Greco-Roman,55,156,24,8.9,61.7,0
Greco-Roman,63,155,21,8.5,67.7,0
Freestyle,97,177,23,8.4,84.9,1
Freestyle,86,169,21,10.1,72.3,0
Greco-Roman,63,163,22,7.5,66.8,0
Freestyle,125,188,21,21.4,74.6,0
Freestyle,92,173,29,7.0,85.6,1
Freestyle,86,177,22,12.6,64.8,0
Freestyle,79,169,29,8.1,75.0,1
Freestyle,92,171,25,10.5,76.7,1
Freestyle,125,180,25,20.3,80.6,0
Greco-Roman,72,162,24,10.1,72.2,1
Greco-Roman,63,165,24,13.3,68.3,0
Freestyle,57,163,26,7.5,70.6,0
Freestyle,74,174,28,6.3,79.6,1
Freestyle,125,182,24,19.9,79.6,0
Greco-Roman,82,168,23,9.2,78.9,1
Freestyle,97,179,25,11.6,80.0,1
Greco-Roman,60,163,29,8.5,63.2,0
Freestyle,125,192,29,24.8,74.9,1
Greco-Roman,55,158,26,7.0,55.3,0
Freestyle,125,178,19,16.5,78.0,0
Greco-Roman,72,174,24,5.3,81.4,1
Greco-Roman,63,173,18,8.3,67.8,0
Freestyle,65,167,27,10.7,60.4,0
Greco-Roman,72,170,24,9.3,61.7,0
Freestyle,125,184,28,17.7,81.9,0
Greco-Roman,67,166,28,10.9,69.2,0
Greco-Roman,97,179,31,8.2,94.3,1
Freestyle,57,154,26,8.9,66.3,1
Greco-Roman,97,174,21,5.2,91.3,1
Freestyle,65,164,33,13.2,46.8,0
Greco-Roman,72,172,21,5.0,70.6,1
Freestyle,79,170,26,5.6,85.5,1
Freestyle,65,161,23,8.8,67.1,1
Greco-Roman,60,157,21,9.6,62.6,0
Freestyle,65,149,21,12.5,61.9,0
Freestyle,70,168,20,8.3,66.8,0
Greco-Roman,82,163,25,8.9,84.5,1
Greco-Roman,130,183,31,19.6,87.2,1
Greco-Roman,97,177,25,9.8,83.0,0
Greco-Roman,72,163,25,10.1,71.7,0
Freestyle,57,166,23,10.5,62.0,1
Greco-Roman,67,157,27,8.4,68.3,0
Greco-Roman,67,167,22,8.9,61.5,0
Freestyle,61,157,20,9.9,64.6,0
Freestyle,70,172,24,7.9,68.6,0
Greco-Roman,97,175,21,18.4,57.3,0
Freestyle,125,181,23,25.6,72.8,0
Greco-Roman,87,174,22,9.4,89.6,1
Greco-Roman,77,171,25,10.4,63.7,0
Greco-Roman,55,156,26,13.7,63.2,0
Freestyle,57,165,20,7.1,68.3,0
Greco-Roman,72,166,25,11.8,65.9,0
Freestyle,79,165,23,10.2,68.7,1
Greco-Roman,72,171,21,5.5,70.2,1
Freestyle,97,175,24,11.8,79.0,1
Freestyle,79,164,22,10.1,82.4,1
Freestyle,79,168,24,9.7,64.9,0
Freestyle,125,181,29,18.5,86.0,1
Freestyle,57,159,27,9.6,61.9,0
Freestyle,74,161,32,9.2,81.6,1
Freestyle,125,185,19,14.8,93.1,1
Freestyle,125,182,27,14.0,92.1,1
Greco-Roman,72,164,28,12.3,62.5,1
Greco-Roman,63,160,24,12.9,63.0,0
Freestyle,70,167,21,8.6,67.6,0
Freestyle,65,157,25,7.7,69.0,0
Greco-Roman,55,156,24,10.0,68.1,0
Freestyle,97,182,29,10.3,73.6,0
Freestyle,79,173,28,12.4,69.1,0
Freestyle,70,165,32,9.6,72.6,0
Greco-Roman,55,161,23,8.9,65.5,0
Freestyle,86,168,30,12.5,68.5,0
Greco-Roman,63,167,28,11.8,60.4,0
Freestyle,79,164,22,11.8,64.6,1
Greco-Roman,82,172,25,8.6,64.7,0
Greco-Roman,67,167,24,10.4,70.9,1
Greco-Roman,67,164,31,11.8,54.5,0
Greco-Roman,55,167,21,10.9,57.9,0
Greco-Roman,55,164,29,5.0,72.3,1
Freestyle,61,158,28,10.1,69.9,0
Greco-Roman,77,163,22,6.8,76.1,1
Freestyle,97,170,27,8.9,83.5,1
Freestyle,79,173,20,7.0,75.0,0
Greco-Roman,130,189,21,20.4,83.9,1
Greco-Roman,97,165,29,5.0,84.4,1
Greco-Roman,60,161,19,13.6,57.3,0
Greco-Roman,72,164,32,9.8,63.7,0
Greco-Roman,60,159,21,14.4,59.0,0
Greco-Roman,55,159,23,10.6,56.3,0
Greco-Roman,67,163,27,9.2,67.6,1
Freestyle,74,164,26,13.1,69.8,0
Freestyle,92,169,18,10.4,68.3,0
Freestyle,57,154,18,5.9,53.4,0
Freestyle,61,159,24,5.8,72.2,1
Greco-Roman,82,162,28,7.1,73.3,1
Greco-Roman,67,166,20,7.6,70.7,1
Freestyle,74,162,22,13.7,65.2,0
Greco-Roman,82,172,29,12.0,73.0,0
Freestyle,65,156,28,16.1,62.6,0
Greco-Roman,67,163,26,13.3,72.6,0
Greco-Roman,82,176,26,5.0,81.1,1
Greco-Roman,87,176,24,10.7,83.3,0
Freestyle,92,177,23,6.6,77.6,0
Greco-Roman,130,185,22,19.4,85.4,1
Freestyle,125,185,23,15.5,88.5,1
Greco-Roman,63,157,31,8.0,71.2,0
Freestyle,92,177,26,11.1,74.3,0
Greco-Roman,77,168,24,10.4,74.1,1
Greco-Roman,60,162,20,8.1,67.8,0
Freestyle,74,173,22,8.9,64.9,0
Freestyle,92,175,19,8.4,82.7,1
Freestyle,61,154,24,6.9,67.7,0
Greco-Roman,130,182,31,20.0,80.7,0
Greco-Roman,63,170,24,11.7,63.9,0
Greco-Roman,82,167,20,9.0,77.4,1
Freestyle,97,171,26,9.8,90.2,1
Freestyle,79,170,29,11.9,70.7,0
Greco-Roman,97,181,18,9.8,77.0,1
Freestyle,61,157,27,8.7,70.1,1
Freestyle,125,179,28,22.2,81.3,0
Freestyle,79,168,30,10.1,79.7,1
Greco-Roman,60,164,22,7.6,79.6,1
Freestyle,70,162,21,12.3,61.8,0
Greco-Roman,55,164,25,9.2,70.8,1
Freestyle,86,167,25,11.9,73.2,0
Greco-Roman,82,170,25,12.9,63.0,0
Greco-Roman,63,169,20,8.7,56.5,0
Freestyle,74,167,22,8.8,74.3,0
Freestyle,57,159,24,9.3,75.2,1
Greco-Roman,130,185,27,14.3,97.1,1
Freestyle,79,174,28,7.9,74.0,0
Freestyle,65,158,36,10.8,65.4,0
Freestyle,65,163,18,10.4,59.7,0
Freestyle,86,161,29,5.0,76.7,1
Greco-Roman,55,148,20,12.5,51.0,1
Freestyle,57,154,24,14.5,56.7,0
Freestyle,79,165,34,9.1,82.0,1
Greco-Roman,60,158,23,10.9,60.5,0
Freestyle,79,161,29,12.0,76.5,0
Greco-Roman,87,175,31,6.2,79.9,1
Greco-Roman,130,186,23,26.0,78.2,0
Freestyle,74,164,28,11.2,71.2,0
Freestyle,57,169,28,10.2,64.7,0
Greco-Roman,55,153,30,9.1,61.8,0
Freestyle,125,186,18,6.1,105.0,1
Freestyle,92,176,18,15.5,71.6,0
Greco-Roman,77,168,27,10.5,75.6,1
Freestyle,79,168,30,12.4,69.2,1
Greco-Roman,63,171,27,8.9,58.6,0
Freestyle,79,167,32,11.3,71.1,1
Greco-Roman,60,157,21,9.0,59.3,0
Freestyle,92,173,25,9.5,89.5,1
Greco-Roman,130,188,22,12.4,96.4,1
Greco-Roman,72,166,33,7.5,67.1,0
Greco-Roman,67,157,31,8.8,69.9,0
Greco-Roman,87,165,21,8.7,72.0,1
Greco-Roman,55,155,23,12.3,52.2,0
Freestyle,57,160,26,8.9,64.8,0
Freestyle,74,170,24,13.1,70.3,0
Freestyle,92,174,24,9.9,81.7,1
Greco-Roman,63,158,30,6.3,64.3,0
Greco-Roman,87,174,27,6.3,86.4,1
Freestyle,97,177,35,9.8,76.3,1
Greco-Roman,55,155,21,8.7,66.9,0
Freestyle,70,166,23,12.8,66.4,0
Greco-Roman,97,181,23,8.5,86.1,1
Freestyle,65,165,23,8.6,58.5,0
Greco-Roman,77,155,25,8.5,74.6,0
Greco-Roman,55,157,23,8.2,66.2,0
Freestyle,61,166,24,10.8,67.0,1
Greco-Roman,72,164,27,5.7,73.5,1
Greco-Roman,63,160,21,7.9,69.2,0
Greco-Roman,87,169,30,6.7,81.6,1
Greco-Roman,130,181,18,19.9,86.3,1
Freestyle,74,170,19,10.3,68.0,1
Freestyle,65,166,26,9.6,82.9,1
Greco-Roman,60,161,28,7.5,66.9,0
Freestyle,65,161,30,11.0,66.3,0
Freestyle,61,169,18,6.2,67.2,0
Greco-Roman,82,169,25,12.2,65.7,0
Freestyle,74,166,18,8.7,68.0,0
Greco-Roman,82,171,21,11.3,83.7,1
Greco-Roman,60,163,24,10.9,67.3,0
Freestyle,79,168,21,9.7,80.1,1
Greco-Roman,87,163,29,5.3,82.0,0
Freestyle,57,163,26,10.3,60.2,0
Freestyle,74,172,23,11.7,80.4,0
Greco-Roman,130,182,26,20.6,85.4,0
Greco-Roman,72,169,25,10.0,76.4,1
Freestyle,92,177,25,8.4,77.9,1
Freestyle,74,167,22,13.8,63.7,0
Freestyle,79,169,20,8.8,77.4,1
Greco-Roman,97,173,19,9.5,74.8,0
Greco-Roman,87,166,32,18.2,72.8,0
Freestyle,86,172,21,8.7,78.3,1
Greco-Roman,77,174,18,12.1,59.7,0
Greco-Roman,87,170,31,6.9,75.5,0
Greco-Roman,63,162,21,10.3,61.6,0
Freestyle,86,172,34,15.4,68.8,0
Freestyle,57,163,23,10.2,69.4,0
Freestyle,125,185,25,9.9,103.2,1
Freestyle,57,156,25,10.2,62.3,0
Freestyle,65,164,26,11.3,62.9,0
Greco-Roman,130,194,21,20.1,78.2,0
Greco-Roman,87,173,22,8.0,80.3,1
Freestyle,125,188,34,22.0,66.6,0
Greco-Roman,87,174,23,5.0,88.0,1
Freestyle,65,158,21,9.5,63.7,0
Freestyle,86,173,29,10.3,88.5,1
Greco-Roman,55,161,23,9.5,58.5,0
Greco-Roman,77,169,31,7.7,77.8,1
Freestyle,86,169,28,13.2,68.1,0
Freestyle,65,163,30,10.4,62.6,0
Freestyle,79,169,27,8.6,72.9,0
Freestyle,70,176,30,12.6,72.3,0
Freestyle,125,188,25,18.7,84.3,1
Freestyle,57,162,33,10.0,66.4,1
Freestyle,61,159,25,5.1,65.8,1
Greco-Roman,97,172,23,8.3,80.8,1
Greco-Roman,60,161,24,7.2,55.5,0
Greco-Roman,130,187,22,19.1,90.0,1
Freestyle,97,175,27,8.9,81.7,1
Greco-Roman,82,165,21,9.7,82.4,1
Freestyle,57,157,28,10.3,60.0,0
Freestyle,92,171,28,9.7,80.9,1
Greco-Roman,67,173,24,10.8,55.9,0
Greco-Roman,60,157,27,9.0,76.1,1
Freestyle,70,165,25,9.0,74.0,0
Greco-Roman,82,173,24,8.5,74.2,0
Freestyle,125,194,25,24.2,77.1,0
Greco-Roman,77,170,27,7.6,82.2,1
Greco-Roman,72,168,25,10.5,76.6,1
Greco-Roman,130,196,29,21.4,84.9,0
Freestyle,97,174,26,5.1,99.6,1
Greco-Roman,55,155,27,12.2,58.6,0
Freestyle,92,175,24,7.6,82.4,1
Greco-Roman,82,168,18,10.4,60.7,0
Greco-Roman,55,163,30,11.6,63.2,0
Greco-Roman,67,161,28,6.3,72.3,1
Greco-Roman,55,164,18,11.5,58.4,0
Freestyle,86,168,26,11.8,76.1,0
Greco-Roman,55,161,21,9.6,59.1,0
Freestyle,61,170,18,8.8,60.6,1
Greco-Roman,67,162,18,9.9,65.6,0
Freestyle,97,179,23,12.1,79.1,0
Greco-Roman,67,164,27,8.3,66.8,0
Freestyle,92,175,24,8.0,79.4,1
Greco-Roman,87,169,30,13.2,76.4,0
Freestyle,65,161,18,12.5,59.7,0
Freestyle,57,160,33,10.1,59.7,0
Greco-Roman,63,168,27,13.2,65.7,0
Freestyle,86,164,32,10.3,81.2,1
Freestyle,61,164,25,9.4,61.3,0
Greco-Roman,130,186,24,17.4,92.3,1
Greco-Roman,82,180,24,8.1,87.0,1
Freestyle,61,164,26,10.0,67.9,0
Freestyle,79,167,31,13.6,62.8,0
Greco-Roman,60,155,25,13.9,55.9,0
Freestyle,86,173,28,5.2,83.0,1
Greco-Roman,67,170,18,12.3,67.7,0
Greco-Roman,87,174,25,9.0,81.7,1
Greco-Roman,72,169,18,9.5,62.1,0
Freestyle,65,163,25,11.4,61.5,0
Greco-Roman,63,156,24,5.1,76.6,1
Freestyle,65,168,25,10.2,63.3,0
Freestyle,57,163,23,8.7,60.3,0
Freestyle,65,160,22,10.3,63.4,0
Greco-Roman,55,162,26,11.5,65.0,0
Greco-Roman,97,180,27,13.7,72.0,1
Greco-Roman,55,162,27,7.8,64.6,0
Freestyle,92,175,25,9.5,77.7,0
Greco-Roman,67,162,25,6.8,79.3,0
Freestyle,79,175,31,8.1,79.0,0
Freestyle,79,171,23,10.8,73.1,1
Greco-Roman,55,165,25,9.2,64.1,0
Freestyle,61,164,18,11.2,64.4,0
Greco-Roman,87,182,29,9.5,81.6,1
Freestyle,74,171,24,9.8,74.1,0
Freestyle,61,164,30,14.7,54.0,0
Freestyle,97,181,21,9.0,87.5,1
Freestyle,57,160,20,8.0,56.8,0
Freestyle,65,163,29,6.8,77.0,1
Greco-Roman,72,171,24,6.4,71.8,1
Greco-Roman,82,167,23,10.3,68.2,0
Freestyle,57,160,24,14.4,46.0,0
Freestyle,86,181,25,14.1,74.7,0
Freestyle,61,157,24,8.3,70.1,0
Greco-Roman,55,157,18,11.8,47.7,0
Greco-Roman,97,180,29,12.4,78.4,1
Greco-Roman,130,201,27,18.7,84.9,0
Freestyle,97,177,28,5.8,85.4,1
Freestyle,97,182,31,9.2,77.8,1
Greco-Roman,77,163,23,10.3,69.5,1
Greco-Roman,87,174,23,9.8,72.0,1
Freestyle,74,164,25,5.9,69.4,1
Greco-Roman,60,163,24,10.5,69.5,0
Freestyle,86,177,22,12.3,69.4,0
Freestyle,79,174,27,9.0,73.8,0
Greco-Roman,130,186,26,9.3,103.2,1
Freestyle,74,170,20,13.7,56.0,0
Greco-Roman,97,177,37,9.2,73.0,0
Freestyle,97,173,28,12.6,71.7,0
Greco-Roman,63,159,25,12.3,57.3,0
Freestyle,86,172,26,15.1,63.5,0
Greco-Roman,130,188,20,20.2,76.2,0
Freestyle,65,165,26,10.8,64.5,0
Freestyle,97,184,22,11.4,86.8,0
Freestyle,86,169,23,5.9,82.2,0
Freestyle,125,184,23,19.4,76.1,0
Greco-Roman,63,164,23,7.2,64.8,0
Greco-Roman,130,178,27,11.3,98.6,1
Greco-Roman,97,176,22,5.7,81.3,1
Freestyle,57,166,27,8.7,67.3,0
Greco-Roman,67,162,26,8.6,70.3,1
Greco-Roman,63,159,28,5.0,78.4,1
Greco-Roman,82,169,27,11.6,86.7,1
Greco-Roman,63,162,21,9.2,70.2,0
Freestyle,70,172,21,11.7,74.5,1
Greco-Roman,67,162,18,13.6,62.1,0
Greco-Roman,67,164,27,12.5,62.5,0
Greco-Roman,63,161,29,11.1,65.2,0
Greco-Roman,72,164,20,11.6,66.0,1
Freestyle,57,161,20,11.5,56.5,0
Greco-Roman,97,172,28,15.7,66.6,0
Greco-Roman,87,173,18,10.5,74.1,0
Greco-Roman,63,159,32,10.4,64.2,0
Greco-Roman,60,163,27,5.9,71.7,0
Freestyle,65,161,25,10.0,71.1,1
Freestyle,125,187,30,21.3,74.5,0
Freestyle,97,177,21,8.3,79.8,0
Greco-Roman,63,160,27,7.7,75.9,1
Greco-Roman,77,162,24,12.7,69.4,1
Greco-Roman,60,158,24,11.7,70.3,0
Greco-Roman,55,162,31,6.8,62.9,0
Greco-Roman,97,175,21,11.1,76.5,1
Freestyle,92,174,18,8.5,77.3,1
Greco-Roman,67,160,31,8.6,65.4,0
Freestyle,125,181,29,12.6,96.4,1
Freestyle,74,170,28,11.6,60.9,0
Greco-Roman,67,166,25,10.5,69.4,0
Freestyle,57,160,23,14.4,59.5,0
Freestyle,92,171,23,11.5,73.1,0
Freestyle,125,191,20,19.3,70.7,0
Freestyle,70,160,25,8.3,72.1,0
Freestyle,57,163,24,7.4,73.2,0
Freestyle,70,159,27,10.8,68.3,0
Freestyle,57,160,30,10.9,66.1,0
Greco-Roman,97,178,20,7.9,83.7,1
Greco-Roman,60,162,28,9.7,54.9,0
Freestyle,125,188,37,18.3,78.5,0
Greco-Roman,77,158,30,10.2,66.9,0
Greco-Roman,97,171,22,11.7,79.1,1
Freestyle,70,161,23,9.4,76.6,1
Greco-Roman,97,175,27,13.0,79.8,1
Greco-Roman,55,159,24,10.6,55.4,0
Freestyle,57,159,20,5.0,64.0,0
Greco-Roman,60,172,26,11.3,66.8,0
Freestyle,125,190,26,16.0,86.4,0
Freestyle,125,183,23,11.3,96.4,1
Freestyle,92,169,30,8.5,79.0,1
Greco-Roman,97,179,23,13.1,78.1,1
Greco-Roman,97,180,23,9.3,84.1,1
Freestyle,74,173,29,8.2,74.1,1
Greco-Roman,77,169,22,9.8,69.2,1
Freestyle,125,187,23,21.5,81.6,1
Greco-Roman,130,196,24,14.2,86.0,1
Freestyle,79,169,27,6.1,84.4,1
Greco-Roman,67,165,30,11.9,66.1,0
Greco-Roman,77,171,23,10.1,74.1,0
Freestyle,97,174,24,9.1,88.8,1
Greco-Roman,60,156,18,10.9,66.9,0
Freestyle,97,179,23,6.1,82.5,1
Freestyle,97,165,25,7.7,91.4,1
Greco-Roman,72,161,21,8.6,64.4,0
Greco-Roman,77,167,26,9.4,65.3,0
Greco-Roman,67,159,26,9.2,67.5,0
Greco-Roman,63,170,25,6.4,68.0,1
Greco-Roman,60,163,19,8.8,62.0,0
Greco-Roman,60,156,24,11.0,72.4,0
Greco-Roman,63,164,24,11.9,64.0,0
Freestyle,61,153,24,12.3,65.7,0
Greco-Roman,67,167,19,8.9,59.9,0
Greco-Roman,63,168,28,9.6,59.2,0
Freestyle,97,188,25,9.8,75.7,1
Freestyle,70,162,24,9.8,63.7,0
Freestyle,65,159,20,6.3,63.8,0
Freestyle,86,172,20,7.7,71.5,1
Greco-Roman,130,181,25,19.5,89.1,1
Greco-Roman,77,177,25,7.9,74.9,0
Freestyle,92,172,31,8.8,83.6,1
Freestyle,97,185,18,5.5,71.4,1
Greco-Roman,130,194,18,15.2,92.1,1
Freestyle,97,176,32,13.0,72.8,1
Freestyle,61,157,23,9.5,65.1,0
Greco-Roman,97,170,19,11.1,81.7,1
Greco-Roman,97,170,21,9.4,91.8,1
Greco-Roman,87,170,26,11.1,79.9,1
Greco-Roman,67,160,27,10.3,67.3,0
Freestyle,65,162,30,9.2,70.4,1
Greco-Roman,67,158,19,11.7,69.1,0
Freestyle,57,161,18,7.7,65.8,1
Freestyle,92,171,32,9.0,89.4,1
Greco-Roman,130,184,20,16.5,92.1,1
Freestyle,65,161,22,10.0,64.1,0
Greco-Roman,130,182,29,16.6,92.1,1
Freestyle,125,188,28,27.6,74.6,0
Greco-Roman,77,176,26,10.7,74.4,0
Freestyle,125,190,25,18.4,71.7,0
Freestyle,74,179,23,9.4,80.6,1
Freestyle,97,178,27,12.0,78.6,1
Greco-Roman,97,177,24,11.5,75.0,1
Freestyle,97,184,25,13.3,78.9,0
Greco-Roman,82,165,30,10.9,74.4,1
Greco-Roman,97,175,25,6.4,90.5,1
Freestyle,74,180,26,11.5,62.9,0
Greco-Roman,60,158,18,12.6,62.9,0
Freestyle,86,167,22,14.0,75.0,0
Greco-Roman,55,155,23,10.6,57.0,0
Greco-Roman,130,190,23,17.6,79.8,0
Freestyle,65,160,29,7.8,76.7,0
Freestyle,65,164,27,11.6,60.7,0
Freestyle,86,172,36,13.6,72.6,1
Greco-Roman,87,172,25,8.6,72.4,1
Freestyle,57,164,26,9.9,59.0,0
Freestyle,70,157,26,8.6,71.8,1
Freestyle,92,169,31,17.7,66.7,0
Freestyle,61,168,20,6.9,75.7,1
Greco-Roman,67,164,21,11.5,65.9,0
Greco-Roman,130,184,25,26.8,81.6,0
Greco-Roman,77,163,19,7.8,68.8,0
Greco-Roman,55,156,28,6.0,72.7,1
Greco-Roman,130,185,29,12.7,96.9,1
Greco-Roman,77,167,33,13.5,64.0,0
Greco-Roman,55,158,20,7.7,60.4,0
Greco-Roman,87,176,21,9.5,79.8,0
Freestyle,125,192,24,20.3,80.8,0
Greco-Roman,63,163,20,8.1,67.3,0
Freestyle,65,170,18,12.6,64.5,0
Freestyle,79,168,26,9.5,71.3,1
Freestyle,70,163,22,5.0,71.7,1
Freestyle,57,157,29,10.6,64.7,0
Freestyle,86,172,23,16.9,65.6,0
Greco-Roman,55,153,27,11.9,61.7,0
Freestyle,65,158,25,11.0,67.4,0
Freestyle,74,157,27,8.9,79.3,1
Greco-Roman,97,180,31,12.7,72.6,0
Greco-Roman,82,170,19,9.7,78.9,1
Freestyle,61,166,23,9.0,65.6,0
Freestyle,65,161,20,10.8,68.0,0
Greco-Roman,130,183,30,19.0,81.7,0
Greco-Roman,60,165,18,9.0,57.9,0
Freestyle,70,165,20,8.4,66.7,0
Greco-Roman,67,167,28,9.6,67.0,0
Freestyle,57,160,18,11.2,58.8,0
Freestyle,92,178,18,9.1,74.4,1
Greco-Roman,72,169,24,9.1,76.9,1
Greco-Roman,97,175,27,6.9,81.4,0
Freestyle,74,164,28,13.7,62.2,0
Freestyle,125,181,25,17.9,78.8,0
Greco-Roman,130,180,25,15.1,96.5,1
Freestyle,65,162,25,6.6,64.0,0
Freestyle,97,178,27,10.1,82.3,1
Freestyle,65,159,25,6.9,74.4,1
Freestyle,92,174,20,9.6,77.2,0
Freestyle,125,188,21,16.4,87.4,1
Greco-Roman,60,160,28,9.4,69.2,0
Greco-Roman,55,166,33,11.6,48.7,0
Greco-Roman,87,170,19,10.2,76.7,0
Freestyle,97,172,25,13.8,76.5,0
Freestyle,65,167,23,13.7,62.4,0
Freestyle,97,173,27,6.4,84.3,1
Greco-Roman,60,164,19,12.1,58.9,0
Freestyle,79,171,23,7.9,75.0,1
Greco-Roman,63,160,29,10.0,62.3,0
Freestyle,125,190,21,21.6,73.5,0
Freestyle,61,163,19,12.5,58.1,0
Freestyle,61,157,18,10.5,55.6,0
Freestyle,79,164,24,9.7,70.8,0
Freestyle,92,176,31,11.0,75.9,1
Greco-Roman,130,184,19,20.3,86.2,1
Greco-Roman,67,166,24,8.5,74.3,1
Greco-Roman,67,155,20,10.2,71.0,1
Greco-Roman,130,185,23,16.1,90.1,1
Freestyle,74,162,24,7.9,69.5,0
Freestyle,70,169,23,11.5,64.1,0
Freestyle,70,166,19,10.7,66.4,0
Greco-Roman,97,174,18,9.8,79.4,0
Freestyle,97,169,31,8.1,85.9,1
Freestyle,86,170,21,9.8,81.1,1
Freestyle,79,174,26,10.5,69.2,0
Freestyle,125,183,19,18.6,77.3,0
Freestyle,79,171,25,5.9,77.2,1
Freestyle,86,171,34,11.3,66.9,0
Greco-Roman,97,175,22,13.8,76.0,1
Greco-Roman,87,172,24,9.4,83.5,1
Greco-Roman,67,165,21,10.2,66.7,0
Greco-Roman,97,175,26,7.1,83.2,1
Freestyle,61,157,30,14.6,55.4,0
Greco-Roman,72,164,26,9.7,70.1,1
Freestyle,57,162,26,8.2,66.2,0
Greco-Roman,72,167,23,7.3,80.7,0
Greco-Roman,87,175,28,9.9,80.6,1
Freestyle,125,190,23,12.8,90.8,1
Greco-Roman,55,168,24,12.6,54.9,0
Greco-Roman,72,161,30,9.4,76.1,0
Greco-Roman,63,175,27,11.8,62.9,0
Greco-Roman,77,168,30,11.3,70.2,0
Greco-Roman,82,182,30,11.5,73.8,0
Freestyle,86,165,23,10.4,76.5,0
Freestyle,70,171,29,10.4,65.7,0
Freestyle,125,183,27,23.0,78.6,0
Freestyle,61,154,19,8.1,61.0,0
Greco-Roman,97,171,21,13.1,69.4,0
Greco-Roman,67,163,23,13.0,59.4,0
Greco-Roman,60,157,23,5.7,62.4,0
Freestyle,57,162,26,8.1,60.4,0
Greco-Roman,67,164,27,7.8,67.3,0
Freestyle,74,166,33,14.6,65.6,0
Greco-Roman,130,179,22,18.1,84.6,1
Freestyle,61,166,26,9.7,63.3,0
Freestyle,125,187,21,5.2,94.5,1
Greco-Roman,60,165,24,9.8,58.5,0
Freestyle,57,161,29,7.6,64.1,0
Greco-Roman,67,166,28,11.9,63.4,0
Greco-Roman,97,180,22,11.3,75.9,1
Greco-Roman,82,172,21,12.7,71.8,0
Greco-Roman,60,162,28,8.4,63.9,1
Greco-Roman,130,180,31,12.1,86.6,0
Greco-Roman,63,165,25,8.4,58.5,0
Freestyle,79,172,22,11.1,77.9,1
Freestyle,61,161,26,11.0,63.0,0
Greco-Roman,82,161,29,16.1,63.8,0
Freestyle,74,163,18,10.8,70.2,0
Greco-Roman,72,170,29,12.2,64.7,0
Greco-Roman,97,176,29,7.3,90.5,1
Freestyle,57,164,24,12.2,61.6,0
Freestyle,70,162,21,8.2,72.4,0
Freestyle,86,174,18,10.7,72.8,0
Freestyle,74,166,21,9.2,66.6,1
Freestyle,61,162,26,12.8,59.6,0
Greco-Roman,60,161,26,5.7,66.9,1
Greco-Roman,55,164,26,10.7,58.7,0
Greco-Roman,82,176,25,10.6,75.8,1
Greco-Roman,130,189,32,21.7,78.2,0
Freestyle,97,178,23,10.8,77.2,1
Greco-Roman,67,168,25,7.7,78.5,1
Greco-Roman,72,168,38,10.4,69.4,0
Freestyle,57,160,26,12.6,69.3,0
Greco-Roman,63,163,18,6.9,62.2,0
Freestyle,97,173,27,11.9,85.0,1
Greco-Roman,82,175,21,14.2,67.2,0
Greco-Roman,60,157,18,12.7,48.8,0
Greco-Roman,77,168,21,11.0,74.8,0
Greco-Roman,72,169,22,10.5,75.6,0
Freestyle,86,169,22,11.7,74.9,1
Greco-Roman,130,190,20,10.7,101.6,1
Freestyle,65,160,24,11.3,63.3,0
Freestyle,97,176,24,12.7,75.4,1
Greco-Roman,67,155,26,8.4,75.4,1
Freestyle,74,162,23,9.7,71.0,0
Freestyle,70,163,18,8.6,68.2,0
Greco-Roman,77,164,25,13.0,64.6,0
Freestyle,61,162,26,13.3,59.7,0
Freestyle,65,170,20,14.2,58.5,0
Greco-Roman,87,169,27,14.0,64.4,0
Greco-Roman,63,168,28,9.2,60.5,0
Freestyle,86,173,22,6.0,80.7,1
Freestyle,86,172,25,9.5,71.3,0
Freestyle,125,183,24,14.7,88.8,0
Freestyle,79,174,26,9.4,79.9,1
Greco-Roman,97,178,23,9.3,90.2,1
Greco-Roman,63,172,29,11.1,65.9,0
Greco-Roman,97,169,23,13.2,82.6,1
Greco-Roman,60,159,27,9.4,71.9,0
Greco-Roman,67,167,18,13.7,55.7,0
Greco-Roman,63,162,24,14.3,53.8,0
Freestyle,97,174,26,12.0,83.5,1
Freestyle,65,168,22,11.7,57.0,0
Greco-Roman,63,156,27,9.7,68.5,0
Greco-Roman,72,164,23,5.5,77.7,0
Greco-Roman,87,175,22,9.1,75.0,1
Freestyle,97,175,28,5.8,80.9,1
Greco-Roman,82,164,28,12.0,75.4,0
Greco-Roman,130,189,30,17.8,91.7,1
Freestyle,70,163,25,6.0,71.2,0
Freestyle,79,167,23,6.1,74.5,1
Freestyle,57,161,23,8.4,64.4,0
Freestyle,97,177,20,14.7,67.8,0
Freestyle,97,173,26,10.3,93.5,1
Greco-Roman,87,171,24,9.9,89.9,1
Freestyle,70,165,24,15.1,55.7,0
Freestyle,57,153,25,8.1,61.6,0
Freestyle,79,173,24,7.6,72.4,1
Greco-Roman,77,172,22,10.7,67.1,0
Freestyle,74,167,22,7.4,71.4,0
Freestyle,97,177,26,11.5,86.5,1
Greco-Roman,77,164,27,5.0,67.5,1
Freestyle,79,159,32,12.1,74.9,0
Greco-Roman,77,167,19,9.8,64.0,0
Greco-Roman,60,169,21,11.5,58.0,0
Freestyle,57,155,24,11.3,56.7,0
Freestyle,65,163,26,5.4,78.0,1
Greco-Roman,72,167,23,10.7,67.5,0
Greco-Roman,130,193,21,23.8,71.1,0
Greco-Roman,72,170,30,9.6,72.4,0
Greco-Roman,72,167,31,14.7,55.9,0
Freestyle,86,175,30,15.9,61.7,0
Greco-Roman,87,164,20,11.3,72.7,0
Greco-Roman,97,179,29,8.7,89.3,1
Greco-Roman,87,172,21,12.4,67.3,0
Freestyle,74,166,31,7.5,80.5,0
Greco-Roman,77,169,23,8.0,78.5,1
Freestyle,57,165,25,10.5,64.3,0
Freestyle,74,162,19,11.4,79.8,1
Greco-Roman,130,187,28,24.8,82.0,1
Freestyle,92,177,18,12.9,72.5,0
Greco-Roman,72,169,19,10.3,79.9,1
Freestyle,125,192,24,24.1,70.9,0
Greco-Roman,72,175,20,13.1,63.4,1
Freestyle,57,156,25,7.7,72.1,1
Greco-Roman,67,160,21,10.5,60.6,0
Freestyle,74,164,32,10.9,80.4,0
Greco-Roman,72,169,28,9.3,69.2,0
Greco-Roman,63,161,26,11.2,63.1,0
Freestyle,65,161,26,5.0,69.1,1
Freestyle,65,160,27,9.7,74.7,0
Greco-Roman,87,171,29,7.2,84.2,1
Freestyle,86,172,31,10.9,70.8,1
Freestyle,97,172,20,10.4,77.2,0
Greco-Roman,55,163,21,10.4,68.7,0
Greco-Roman,67,166,24,14.4,63.3,0
Freestyle,57,161,18,7.1,65.7,0
Freestyle,57,156,21,13.4,59.6,0
Greco-Roman,77,167,26,11.7,65.5,0
Freestyle,79,173,27,8.6,74.0,0
Freestyle,92,163,18,10.2,75.5,0
Freestyle,74,160,19,12.2,66.4,0
Freestyle,70,166,22,5.0,75.4,1
Freestyle,70,168,25,6.9,68.2,0
Greco-Roman,87,174,27,15.3,66.5,0
Greco-Roman,87,172,24,6.7,87.0,1
Greco-Roman,87,176,30,5.1,79.2,0
Freestyle,74,159,20,6.5,78.4,1
Greco-Roman,82,174,28,11.6,69.8,1
Freestyle,79,169,28,7.6,75.1,0
Freestyle,92,186,21,12.6,73.5,0
Greco-Roman,77,178,32,8.0,76.3,1
Greco-Roman,87,172,28,13.0,72.9,1
Freestyle,70,160,21,11.0,73.8,1
Greco-Roman,60,157,23,7.7,67.8,1
Freestyle,65,164,20,7.6,72.6,0
Freestyle,74,166,27,13.1,59.8,0
Freestyle,97,172,22,11.0,79.0,1
Freestyle,125,187,22,12.8,87.1,1
Freestyle,65,159,18,10.8,62.5,0
Freestyle,65,164,33,7.4,72.7,1
Freestyle,92,165,19,10.5,68.7,1
Freestyle,86,169,26,11.1,77.3,1
Freestyle,86,174,24,9.8,80.6,1
Freestyle,92,173,29,10.9,79.8,0
Freestyle,74,175,19,5.7,77.3,1
Freestyle,125,180,18,19.8,77.8,0
Freestyle,125,184,30,16.7,93.7,1
Greco-Roman,63,163,27,9.8,57.3,0
Greco-Roman,77,171,20,10.5,69.4,0
Greco-Roman,82,169,26,6.5,76.0,0
Freestyle,79,166,25,12.0,75.0,1
Freestyle,74,169,24,13.6,65.5,0
Greco-Roman,97,181,20,10.1,85.1,1
Greco-Roman,82,166,30,9.6,68.0,0
Greco-Roman,63,152,19,6.6,63.1,1
Greco-Roman,55,170,29,8.6,60.5,0
Greco-Roman,87,168,25,11.4,69.5,0
Freestyle,70,161,23,8.2,69.6,0
Greco-Roman,67,162,23,10.0,65.9,0
Greco-Roman,87,175,19,5.0,82.8,1
Greco-Roman,97,177,20,12.8,82.8,1
Greco-Roman,82,171,25,8.3,71.4,1
Greco-Roman,87,168,25,11.4,74.4,0
Greco-Roman,77,166,21,11.7,61.6,0
Greco-Roman,87,167,27,14.4,77.3,0
Greco-Roman,130,191,26,23.2,80.9,0
Greco-Roman,87,167,24,8.5,88.1,1
Freestyle,61,150,24,5.4,70.6,1
Freestyle,125,184,31,16.6,85.5,1
Greco-Roman,87,170,24,14.8,69.1,0
Freestyle,92,172,24,10.2,83.6,1
Freestyle,65,165,23,10.8,62.0,0
Freestyle,74,166,27,10.7,67.5,0
Greco-Roman,72,175,27,13.8,56.4,0
Freestyle,92,182,22,6.3,83.4,1
Greco-Roman,67,164,21,7.2,70.0,0
Freestyle,125,193,23,15.6,81.6,1
Greco-Roman,130,193,18,20.0,87.6,0
Greco-Roman,87,171,29,11.6,81.9,1
Freestyle,125,190,25,19.7,80.2,1
Freestyle,74,172,30,9.5,68.8,0
Freestyle,70,166,24,9.3,64.2,0
Greco-Roman,77,167,26,11.2,75.8,1
Greco-Roman,130,185,19,22.4,78.1,0
Greco-Roman,72,163,20,6.1,73.4,1
Freestyle,79,167,22,5.0,76.2,0
Greco-Roman,63,161,25,11.3,72.5,1
Freestyle,70,160,21,6.8,75.2,0
Greco-Roman,130,188,20,24.1,76.5,0
Greco-Roman,97,176,21,14.0,70.9,0
Greco-Roman,87,170,25,5.0,86.4,1
Greco-Roman,82,166,23,6.2,81.9,1
Freestyle,97,170,18,5.8,82.0,1
Freestyle,74,172,26,6.3,82.8,1
Freestyle,125,182,22,18.9,84.4,1
Freestyle,74,168,18,10.9,75.1,1
Greco-Roman,67,167,18,6.8,70.4,0
Freestyle,74,164,33,8.9,64.9,0
Freestyle,65,160,18,9.8,62.7,0
Freestyle,86,176,26,12.0,80.1,1
Freestyle,61,167,28,14.8,49.6,0
Freestyle,92,174,21,9.3,75.3,1
Greco-Roman,72,169,23,8.8,70.4,1
Freestyle,92,173,24,15.1,73.1,0
Greco-Roman,55,160,31,12.2,58.6,0
Greco-Roman,87,179,28,14.2,65.3,0
Freestyle,125,179,21,16.7,76.0,0
Greco-Roman,87,173,24,12.0,64.5,0
Greco-Roman,87,178,31,9.2,77.3,0
Freestyle,125,181,30,20.4,89.1,1
Greco-Roman,77,170,21,13.7,66.1,0
Greco-Roman,55,165,27,9.0,68.2,0
Freestyle,125,179,25,20.8,75.3,0
Greco-Roman,77,164,24,10.9,76.0,1
Greco-Roman,82,171,28,8.9,81.6,1
Greco-Roman,60,161,19,11.5,61.5,0
Freestyle,86,173,26,8.6,83.2,1
Freestyle,125,181,35,18.3,69.0,0
Freestyle,92,171,32,11.4,84.3,0
Greco-Roman,87,174,30,11.0,75.7,0
Greco-Roman,77,171,26,10.5,77.1,1
Freestyle,79,174,29,11.5,73.4,0
Freestyle,125,197,20,24.0,76.7,0
Greco-Roman,130,185,26,17.2,90.2,1
Freestyle,86,173,29,10.9,75.4,1
Freestyle,74,170,27,8.2,80.3,1
Greco-Roman,130,188,20,19.8,81.0,0
Greco-Roman,60,165,25,9.8,67.1,1
Greco-Roman,72,161,19,8.4,69.5,0
Freestyle,97,179,25,15.4,76.0,0
Greco-Roman,130,187,32,15.4,93.0,1
Freestyle,70,156,19,9.2,65.0,0
Greco-Roman,60,160,25,12.9,55.7,0
Greco-Roman,67,169,21,11.9,64.0,0
Greco-Roman,67,162,18,11.9,69.3,0
Greco-Roman,55,156,21,5.5,61.9,0
Greco-Roman,77,158,30,9.5,74.1,0
Greco-Roman,63,169,22,11.2,62.4,0
Greco-Roman,87,168,23,13.8,71.1,0
Freestyle,125,194,19,18.2,77.1,0
Greco-Roman,77,174,20,12.5,68.3,0
Greco-Roman,67,161,21,16.1,53.1,0
Greco-Roman,82,168,21,5.0,78.8,1
Greco-Roman,60,164,23,12.7,52.3,0
Freestyle,61,166,20,15.0,55.4,0
Greco-Roman,72,178,27,11.1,68.9,0
Greco-Roman,55,162,20,11.8,64.1,0
Freestyle,79,172,29,10.0,83.1,1
Greco-Roman,77,176,27,9.0,75.2,0
Greco-Roman,82,176,25,8.8,65.1,0
Greco-Roman,60,166,27,13.2,61.3,0
Freestyle,70,166,24,10.1,62.8,0
Greco-Roman,63,167,22,11.8,60.1,0
Freestyle,79,171,27,9.2,77.6,1
Freestyle,74,167,25,7.4,79.4,0
Freestyle,74,165,19,13.6,70.4,1
Freestyle,57,159,18,6.1,70.7,0
Freestyle,92,170,31,13.5,81.6,0
Freestyle,79,166,22,13.6,64.1,0
Greco-Roman,67,153,31,10.4,65.5,0
Freestyle,57,162,26,7.3,57.1,0
Freestyle,61,173,36,10.0,62.0,0
Greco-Roman,97,180,28,7.0,85.1,1
Freestyle,57,167,22,11.2,56.2,0
Freestyle,86,164,29,8.8,76.1,1
Freestyle,74,169,18,9.9,73.7,0
Greco-Roman,55,161,28,11.1,60.6,0
Greco-Roman,60,169,20,9.7,55.6,0
Freestyle,57,164,24,10.5,61.6,0
Greco-Roman,82,165,27,11.8,76.1,1
Greco-Roman,63,169,25,8.9,65.3,0
Greco-Roman,87,170,29,10.3,77.5,0
Greco-Roman,55,164,18,13.8,56.9,0
Greco-Roman,82,171,21,8.2,77.2,1
Greco-Roman,63,164,26,8.6,66.4,0
Greco-Roman,87,166,27,13.4,70.7,0
Freestyle,74,168,25,11.9,62.7,0
Freestyle,86,176,25,12.7,83.7,1
Freestyle,79,165,26,5.0,77.1,1
Freestyle,61,166,27,10.7,73.3,0
Freestyle,70,161,19,7.8,72.4,1
Greco-Roman,77,168,18,13.3,59.8,0
Freestyle,92,174,23,9.5,81.6,1
Greco-Roman,77,165,22,8.0,76.4,0
Greco-Roman,55,158,29,7.4,58.7,0
Greco-Roman,55,172,26,11.3,61.9,0
Freestyle,61,160,26,7.0,80.6,1
Greco-Roman,77,168,19,14.7,60.8,0
Greco-Roman,72,163,25,15.4,56.5,0
Freestyle,97,179,22,7.6,84.8,1
Greco-Roman,97,178,22,8.8,84.1,1
Freestyle,97,180,29,6.8,93.6,1
Greco-Roman,63,160,23,9.4,56.7,0
Freestyle,92,171,25,6.7,90.8,1
Greco-Roman,77,173,27,6.2,77.9,1
Greco-Roman,130,181,30,14.6,86.4,1
Greco-Roman,87,169,23,10.8,74.5,0
Freestyle,70,159,19,10.9,63.1,0
Freestyle,74,168,26,10.6,77.3,0
Greco-Roman,63,167,28,7.1,76.4,1
Greco-Roman,60,169,28,5.3,65.6,0
Freestyle,86,168,25,11.7,70.0,0
Greco-Roman,60,160,29,16.7,61.5,0
Freestyle,79,177,18,8.8,67.5,0
Greco-Roman,82,167,27,9.5,71.1,0
Greco-Roman,67,174,26,8.6,68.6,1
Freestyle,97,173,19,13.4,80.6,1
Greco-Roman,63,167,27,7.1,74.8,0
Greco-Roman,67,160,23,8.2,81.0,1
Greco-Roman,130,190,23,22.3,83.5,1
Freestyle,57,159,18,10.9,61.7,0
Greco-Roman,97,179,33,14.3,73.5,0
Freestyle,70,157,24,9.5,63.1,0
Greco-Roman,72,161,23,8.5,69.5,1
Greco-Roman,97,171,22,5.0,91.0,1
Freestyle,97,173,29,5.0,89.0,1
Greco-Roman,72,162,24,10.2,73.7,1
Greco-Roman,82,181,26,10.9,59.8,0
Freestyle,57,162,26,6.3,61.0,0
Freestyle,92,172,28,11.6,75.7,0
Greco-Roman,130,191,23,17.2,85.4,1
Freestyle,92,180,23,13.0,71.3,0
Freestyle,57,159,23,9.8,60.3,0
Greco-Roman,87,177,21,11.3,77.8,0
Greco-Roman,77,176,23,9.9,64.0,0
Greco-Roman,77,170,23,10.9,66.8,0
Greco-Roman,77,168,28,9.8,77.8,1
Freestyle,79,165,24,10.4,69.3,0
Greco-Roman,87,174,20,11.0,65.5,0
Freestyle,79,166,22,11.2,63.7,0
Greco-Roman,67,168,26,12.1,64.9,0
Freestyle,86,172,19,5.0,83.9,1
Greco-Roman,55,151,30,12.0,64.1,0
Greco-Roman,63,168,20,12.8,60.8,0
Freestyle,57,167,24,6.7,76.7,1
Freestyle,97,179,18,9.9,77.8,1
Greco-Roman,77,160,25,11.0,73.1,1
Greco-Roman,60,167,27,14.0,66.3,0
Freestyle,61,159,22,7.6,70.4,0
Greco-Roman,55,161,25,15.3,51.6,0
Freestyle,70,165,23,11.6,54.8,0
Freestyle,86,166,19,13.5,69.3,0
Greco-Roman,130,191,24,22.5,82.3,0
Freestyle,125,178,24,19.7,90.0,1
Freestyle,125,181,26,17.3,84.9,1
Greco-Roman,72,165,21,11.9,64.6,0
Freestyle,79,170,25,13.6,62.8,0
Freestyle,70,170,18,8.9,69.7,0
Freestyle,97,179,21,12.2,87.1,1
Greco-Roman,82,159,23,6.9,80.6,1
Greco-Roman,60,164,25,6.1,60.1,0
Greco-Roman,72,163,24,13.7,66.2,0
Freestyle,57,160,26,14.7,56.5,0
Freestyle,79,164,23,11.8,68.5,0
Freestyle,86,178,18,13.4,71.1,0
Greco-Roman,67,168,22,7.1,65.2,0
Freestyle,92,174,25,9.7,83.8,1
Freestyle,92,185,25,9.1,82.5,1
Greco-Roman,72,169,20,8.0,66.9,0
Greco-Roman,82,170,23,10.5,71.3,1
Freestyle,92,172,25,7.7,86.7,1
Freestyle,86,170,24,6.8,78.1,0
Freestyle,70,162,26,11.0,63.9,0
Greco-Roman,82,171,19,10.6,74.3,0
Greco-Roman,97,171,30,7.1,90.2,1
Freestyle,65,171,24,12.0,60.6,0
Freestyle,125,190,22,22.4,72.0,0
Freestyle,79,173,24,9.2,73.6,0
Freestyle,92,170,29,11.9,67.2,0
Freestyle,97,173,26,8.3,85.3,1
Greco-Roman,60,164,23,12.0,56.3,0
Freestyle,79,167,19,9.4,69.1,1
Freestyle,57,159,26,10.5,58.9,0
Greco-Roman,67,156,21,10.0,68.4,0
Greco-Roman,130,189,28,22.0,90.0,0
Freestyle,61,166,26,6.9,59.8,0
Freestyle,70,164,29,11.2,71.1,0
Freestyle,61,161,23,8.3,72.8,1
Greco-Roman,63,164,30,10.7,60.1,0
Freestyle,65,167,27,13.7,56.6,0
Greco-Roman,77,163,29,13.2,62.9,0
Greco-Roman,55,162,24,10.2,65.3,1
Freestyle,70,161,28,8.5,76.3,1
Freestyle,65,168,26,9.5,70.8,0
Greco-Roman,97,172,25,9.6,88.1,1
Freestyle,65,168,26,8.8,73.3,0
Greco-Roman,97,180,26,8.2,85.0,1
Freestyle,70,162,20,11.1,68.6,0
Freestyle,79,163,22,12.3,70.9,0
Freestyle,125,184,25,15.6,87.6,1
Greco-Roman,97,164,23,14.1,70.6,0
Greco-Roman,55,168,26,6.6,68.2,0
Greco-Roman,72,172,18,9.6,65.5,0
Greco-Roman,72,173,28,7.1,73.3,1
Greco-Roman,130,193,24,23.6,79.3,0
Freestyle,97,173,24,9.3,81.6,1
Greco-Roman,67,157,18,8.5,67.0,0
Greco-Roman,77,166,31,9.7,70.0,1
Greco-Roman,97,178,22,8.4,95.6,1
Greco-Roman,87,165,20,10.0,78.4,1
Greco-Roman,97,179,32,5.7,91.5,1
Greco-Roman,63,160,28,11.3,67.6,0
Greco-Roman,55,158,22,10.3,63.8,0
Greco-Roman,72,166,24,13.2,57.3,0
Greco-Roman,55,147,27,9.9,63.5,0
Greco-Roman,87,166,26,13.7,81.1,0
Greco-Roman,77,166,22,8.5,80.7,1
Greco-Roman,82,167,19,13.0,71.4,0
Greco-Roman,60,173,18,14.9,49.4,0
Greco-Roman,82,173,18,6.1,71.5,1
Freestyle,86,170,20,14.2,71.0,0
Freestyle,65,168,20,8.3,70.3,0
Greco-Roman,60,166,32,11.1,57.4,0
Greco-Roman,55,163,20,9.4,58.6,0
Freestyle,125,196,22,16.6,81.6,0
Greco-Roman,63,157,19,16.5,51.0,0
Greco-Roman,82,168,25,10.0,71.4,1
Greco-Roman,67,171,18,12.2,63.7,0
Freestyle,86,177,27,12.0,82.6,1
Freestyle,79,171,26,11.7,77.1,0
Greco-Roman,82,177,23,12.9,62.6,0
Greco-Roman,97,170,23,5.4,89.9,1
Freestyle,65,164,31,11.7,57.0,0
Greco-Roman,97,173,38,10.8,72.4,0
Freestyle,70,167,24,10.6,59.1,0
Greco-Roman,63,166,26,8.1,71.4,1
Greco-Roman,87,171,23,8.9,77.2,1
Freestyle,125,185,23,18.8,78.1,0
Freestyle,70,165,21,7.9,64.7,0
Greco-Roman,77,164,25,9.2,70.5,0
Freestyle,61,160,28,9.2,77.8,0
Freestyle,79,172,33,7.3,77.6,1
Greco-Roman,55,162,23,11.4,56.0,0
Freestyle,70,170,22,10.1,73.7,0
Greco-Roman,77,166,25,9.7,81.1,0
Freestyle,65,164,29,11.2,62.9,0
Freestyle,97,178,25,11.6,76.0,0
Greco-Roman,55,161,28,12.6,59.2,0
Freestyle,92,172,18,5.0,83.2,1
Freestyle,57,153,26,6.4,72.5,1
Freestyle,86,178,26,12.0,75.8,1
Freestyle,74,172,30,11.1,60.6,0
Freestyle,125,185,18,23.1,73.2,0
Freestyle,125,193,21,14.0,93.8,1
Freestyle,70,162,24,15.3,66.5,0
Greco-Roman,130,184,24,27.1,72.8,0
Freestyle,65,155,24,10.1,71.0,0
Greco-Roman,60,162,23,9.7,68.6,0
Freestyle,70,156,21,11.8,66.6,1
Greco-Roman,87,162,22,5.0,83.7,1
Freestyle,125,180,20,22.4,75.4,0
Freestyle,86,165,27,12.4,69.8,1
Freestyle,125,187,18,17.9,80.5,1
Greco-Roman,55,149,27,9.7,58.0,0
Freestyle,65,161,26,9.2,59.7,0
Freestyle,57,161,26,6.6,73.4,1
Freestyle,61,152,24,11.5,72.9,0
Greco-Roman,55,169,28,10.2,58.2,0
Greco-Roman,67,168,22,9.8,65.1,0
Freestyle,125,180,22,12.6,85.8,1
Greco-Roman,97,175,26,10.5,83.2,1
Freestyle,79,167,32,10.2,74.1,0
Freestyle,70,160,22,10.6,70.5,0
Freestyle,125,183,34,15.9,89.7,1
Freestyle,97,179,31,7.1,85.3,1
Greco-Roman,130,186,21,16.5,85.3,1
Freestyle,70,165,27,12.2,73.1,0
Greco-Roman,72,164,24,6.8,69.9,1
Greco-Roman,63,163,28,8.1,66.8,1
Greco-Roman,72,163,25,9.2,70.3,0
Greco-Roman,67,160,23,11.3,68.0,1
Greco-Roman,63,169,20,12.5,51.6,0
Freestyle,97,177,27,11.5,85.1,1
Freestyle,125,182,23,19.5,83.4,0
Freestyle,61,160,28,13.3,56.7,0
Greco-Roman,72,162,20,15.9,68.7,0
Greco-Roman,97,177,29,11.4,79.3,1
Freestyle,92,179,29,8.6,78.4,1
Freestyle,70,159,19,15.4,58.3,0
Greco-Roman,55,156,27,6.3,63.0,0
Greco-Roman,77,171,31,9.7,76.6,1
Freestyle,92,174,21,8.6,78.1,0
Greco-Roman,67,166,24,10.1,70.0,0
Freestyle,79,166,27,9.9,80.7,1
Greco-Roman,55,164,34,10.9,52.1,0
Freestyle,61,167,24,6.3,64.5,0
Freestyle,57,159,18,7.1,64.4,0
Greco-Roman,63,166,27,7.2,82.1,1
Freestyle,86,175,23,11.3,67.7,0
Freestyle,57,165,26,11.0,59.1,0
Greco-Roman,77,174,33,11.7,68.8,0
Greco-Roman,67,172,24,13.0,73.4,0
Greco-Roman,63,163,32,9.7,58.4,0
Greco-Roman,87,181,27,10.6,72.3,1
Greco-Roman,82,171,26,11.9,74.0,0
Freestyle,125,182,27,16.3,91.2,1
Freestyle,57,165,23,10.5,59.2,0
Greco-Roman,87,175,21,14.6,66.0,0
Freestyle,70,163,24,13.0,69.3,0
Greco-Roman,55,155,19,11.9,44.8,0
Freestyle,65,162,26,6.6,75.7,1
Freestyle,65,157,24,13.3,64.2,0
Greco-Roman,72,169,25,9.7,76.4,0
Freestyle,125,179,24,18.4,87.7,0
Freestyle,61,168,24,8.8,61.5,0
Greco-Roman,72,167,20,7.6,62.4,1
Greco-Roman,87,176,23,5.0,78.5,0
Freestyle,125,188,24,15.3,86.2,1
Freestyle,61,164,25,9.8,64.4,0
Greco-Roman,60,163,23,11.7,64.8,0
Freestyle,61,158,21,8.3,66.8,0
Freestyle,65,173,25,9.5,62.7,0
Greco-Roman,60,167,24,9.2,70.7,0
Greco-Roman,63,162,22,7.1,74.1,0
Greco-Roman,67,155,31,5.0,72.9,0
Greco-Roman,60,162,26,5.0,70.1,1
Greco-Roman,72,165,26,9.2,71.4,0
Freestyle,65,165,25,12.7,55.4,0
Greco-Roman,82,174,21,10.5,77.8,1
Freestyle,125,190,25,22.0,78.8,1
Greco-Roman,63,167,18,5.3,71.5,1
Freestyle,65,166,21,9.2,54.5,0
Greco-Roman,130,178,21,19.1,85.4,1
Greco-Roman,60,159,22,11.0,58.8,1
Freestyle,74,164,20,6.9,77.7,1
Freestyle,125,181,19,7.1,94.1,1
Greco-Roman,87,168,25,11.3,73.6,0
Greco-Roman,87,180,24,12.5,72.5,0
Freestyle,86,172,25,11.7,81.7,1
Greco-Roman,67,167,18,9.5,70.5,0
Greco-Roman,82,156,19,8.6,68.7,1
Greco-Roman,87,168,18,9.5,78.5,1
Greco-Roman,67,163,27,13.4,59.0,0
Greco-Roman,77,163,23,9.6,74.9,1
Freestyle,79,172,25,11.6,68.0,0
Freestyle,86,172,23,8.0,75.6,1
Freestyle,70,172,22,7.8,65.1,0
Freestyle,65,161,27,8.6,69.3,0
Freestyle,86,176,22,11.2,72.8,0
Greco-Roman,67,163,19,10.3,66.8,0
Freestyle,74,164,20,14.5,67.1,0
Greco-Roman,130,184,24,15.0,78.6,0
Greco-Roman,60,158,24,11.8,63.1,0
Greco-Roman,63,158,29,9.6,57.0,0
Greco-Roman,77,170,29,9.8,74.6,0
Greco-Roman,60,161,27,11.4,60.5,0
Greco-Roman,67,168,28,12.6,61.8,0
Freestyle,74,166,26,10.6,79.1,1
Greco-Roman,60,162,18,9.5,59.9,0
Freestyle,79,174,19,8.7,69.0,0
Greco-Roman,77,159,24,5.0,79.8,1
Greco-Roman,82,179,22,11.1,72.4,1
Freestyle,125,187,18,20.8,75.3,0
Greco-Roman,97,178,21,9.5,91.3,1
Greco-Roman,55,164,29,8.0,63.3,0
Greco-Roman,87,173,27,10.1,82.8,1
Greco-Roman,55,161,25,14.3,60.9,0
Freestyle,57,163,29,11.4,58.1,1
Freestyle,97,175,26,7.8,91.1,1
Greco-Roman,72,167,23,6.3,72.7,0
Greco-Roman,77,156,31,8.4,69.8,1
Greco-Roman,97,168,28,12.4,87.3,1
Freestyle,92,175,28,10.9,81.5,1
Freestyle,61,162,18,8.4,60.5,0
Freestyle,74,164,21,5.5,73.2,0
Freestyle,97,176,21,8.1,76.5,1
Greco-Roman,63,164,26,12.3,59.3,0
Freestyle,125,190,24,14.7,93.1,1
Freestyle,79,172,19,8.1,78.9,1
Greco-Roman,60,165,18,7.3,64.9,0
Greco-Roman,63,152,25,9.7,65.9,0
Freestyle,97,173,24,7.3,89.5,1
Greco-Roman,87,178,23,11.6,68.1,0
Greco-Roman,77,174,24,12.1,67.7,0
Greco-Roman,82,172,31,6.4,82.2,1
Freestyle,65,161,34,12.9,60.7,0
Freestyle,61,160,19,8.7,64.4,0
Greco-Roman,60,159,25,14.1,68.5,0
Greco-Roman,60,165,30,11.0,58.2,0
Freestyle,97,175,19,12.0,72.5,0
Freestyle,65,160,27,9.5,65.1,0
Freestyle,97,185,23,8.2,89.6,1
Freestyle,65,168,30,6.4,68.2,0
Greco-Roman,87,172,27,9.9,74.7,1
Freestyle,61,162,28,7.0,75.3,1
Greco-Roman,87,171,27,6.3,86.6,1
Freestyle,61,158,24,10.5,73.0,0
Greco-Roman,63,168,19,9.1,68.6,0
Greco-Roman,82,164,27,16.8,66.5,0
Greco-Roman,60,155,26,10.7,59.9,0
Freestyle,86,165,18,13.1,64.9,0
Greco-Roman,60,158,26,8.0,71.5,0
Greco-Roman,67,160,32,11.5,68.2,0
Freestyle,65,165,28,13.8,65.0,0
Freestyle,61,161,24,10.7,62.1,0
Greco-Roman,55,161,21,9.6,64.4,0
Freestyle,79,160,28,7.2,85.9,1
Greco-Roman,72,160,21,6.6,75.7,1
Freestyle,61,169,25,9.1,74.8,0
Freestyle,61,157,26,11.4,67.3,0
Freestyle,65,166,27,8.7,73.9,1
Greco-Roman,63,166,22,5.5,65.0,0
Greco-Roman,55,163,24,8.1,63.6,0
Greco-Roman,63,161,25,8.1,73.8,1
Freestyle,57,164,26,10.8,64.9,0
Freestyle,97,176,25,12.1,81.8,1
Greco-Roman,97,182,19,13.5,71.4,0
Freestyle,125,179,21,22.5,69.8,0
Freestyle,125,187,28,23.5,72.6,0
Freestyle,97,178,24,12.2,82.7,1
Greco-Roman,55,165,23,7.8,59.6,0
Greco-Roman,60,167,24,10.8,65.7,1
Greco-Roman,67,163,29,9.0,67.2,0
Freestyle,79,180,25,10.8,80.5,1
Freestyle,86,170,27,10.8,74.1,0
Freestyle,79,166,25,11.2,69.5,1
Greco-Roman,130,184,24,18.1,85.3,1
Freestyle,79,168,25,10.8,58.6,0
